index,p_target_flag,p_target_amt
3,0.154921658,5655.647852
9,0.347798943,5541.819111
10,0.1378669,4522.897565
18,0.263677963,4864.931747
21,0.23717423,5512.963694
30,0.228182635,5371.899084
31,0.388938722,4616.49632
37,0.33102252,5512.619468
39,0.033436539,5690.966655
47,0.164020155,6056.719342
60,0.026530752,5303.063068
62,0.550463601,5336.999437
63,0.85222189,4875.621583
64,0.076880742,4703.3644
68,0.034384889,4817.70083
75,0.606915639,5161.035681
76,0.775465135,3585.337209
83,0.169522556,5231.913006
87,0.62205195,4585.426317
92,0.444604616,5116.416825
98,0.116418303,5269.89829
106,0.380102638,4421.701269
107,0.06166611,5246.947872
113,0.344472237,5170.681475
120,0.288497762,4577.774644
123,0.402752349,4814.050073
125,0.522536635,4962.077279
126,0.514843807,5664.796298
128,0.085498681,4860.948477
129,0.15171444,5094.46238
131,0.155790801,4683.225678
135,0.485511833,5554.272128
141,0.049745771,5016.241572
147,0.191397992,5040.85781
148,0.176881991,5088.115383
151,0.040726541,5244.314562
156,0.143920691,5209.544595
157,0.172277856,5301.641852
174,0.059686193,4541.140784
186,0.608654169,5015.191438
193,0.277390233,4450.89501
195,0.541210907,5093.510421
212,0.011479638,5533.292847
213,0.496525699,5690.040696
217,0.005695772,5197.969418
223,0.245595101,4219.949563
226,0.099458434,4836.713238
228,0.277719327,5339.65517
230,0.01932615,5663.794656
241,0.644825825,4736.271255
243,0.151836759,4182.658716
249,0.371195248,5990.190851
281,0.741747881,5009.399128
288,0.079301653,5258.667531
294,0.407916939,4433.709102
295,0.185290253,5153.845755
300,0.48243088,5830.754768
302,0.372178167,5459.320996
303,0.077572353,4615.141159
308,0.569877306,4344.022176
319,0.009091512,4523.760749
320,0.06087058,4942.623903
324,0.442538142,5396.582195
331,0.182466549,5851.759217
343,0.054922346,4772.69687
347,0.458669933,3569.792672
348,0.825033302,4584.627645
350,0.567060459,5877.924944
357,0.128554842,5377.968082
358,0.068694057,5731.994971
360,0.035143055,5088.644572
366,0.283949375,5367.042464
367,0.675287187,4948.884222
368,0.270071867,4194.508733
376,0.664731329,4826.906828
380,0.330357061,5297.721992
388,0.336095705,4821.754525
396,0.198822164,5358.623307
398,0.171297958,4717.200639
403,0.045638103,4366.469484
410,0.630995711,4294.655043
412,0.316092064,5468.591674
420,0.350188152,5316.136987
434,0.040591204,4989.666093
440,0.45161126,5135.366996
450,0.597553054,5307.132692
453,0.328210663,4964.043038
464,0.441777666,5608.24982
465,0.041522331,4975.978975
466,0.759579224,5159.88525
473,0.088064223,5106.680113
476,0.097620477,5003.199417
478,0.111316679,5355.502973
479,0.179926747,5266.000339
493,0.03660393,5091.443195
497,0.160121381,5538.186546
503,0.008885336,4866.572924
504,0.288200518,5642.837149
505,0.345857616,5565.668496
507,0.166639562,4631.246635
513,0.358663379,3964.370871
519,0.467200372,5325.417441
521,0.562320221,4936.224865
522,0.585323212,5544.419067
545,0.081706596,5394.592984
549,0.089828921,5567.412572
551,0.17698238,5057.841692
556,0.071941356,4832.827388
557,0.505895584,5410.387678
559,0.262692768,5060.009782
560,0.713726264,5313.539091
566,0.041023079,3604.075151
569,0.212528793,4675.799082
573,0.261946781,4826.239227
578,0.621783965,5110.760475
579,0.036923312,4544.867319
582,0.018000222,4836.205559
596,0.694231987,4775.57698
598,0.583798565,4073.061973
599,0.22467002,5216.984874
602,0.230749159,4469.239694
605,0.802099691,4783.075721
617,0.604382983,5034.322583
619,0.510935518,4848.668194
630,0.198045334,5109.349347
634,0.475439107,4400.572975
643,0.361208855,4387.727114
645,0.164753716,4451.678082
647,0.331255945,4971.12766
649,0.080257354,5087.496758
656,0.106087558,4868.23688
657,0.169502322,5750.152975
658,0.271109358,4057.037474
667,0.059126956,4436.408325
692,0.145904707,5699.676516
693,0.276421553,5527.916777
698,0.777904141,5471.381196
699,0.583415647,5717.77605
700,0.053908289,5319.501341
704,0.140430875,4038.708599
707,0.073463511,4182.658716
708,0.742579566,4961.657187
709,0.078624614,5088.115383
713,0.122328276,4228.994767
714,0.063444488,4809.330471
716,0.712514089,3585.337209
718,0.099701861,5407.847226
722,0.079137208,5121.390991
729,0.447864316,6155.618547
731,0.022429448,4813.527109
733,0.513127278,5622.729029
746,0.25526143,4806.978286
747,0.711447494,5406.581079
748,0.497619705,4158.392844
753,0.31085057,5700.216127
757,0.35439809,4870.141268
763,0.04000902,5474.259141
767,0.181825912,4562.506042
774,0.514369551,5003.267807
776,0.503905648,5368.241383
788,0.256087423,5041.614703
794,0.232981167,4208.490654
799,0.292993424,5183.888036
803,0.18505705,4009.116264
806,0.558824669,5923.510812
807,0.198408995,5354.766311
811,0.031929058,5472.073378
816,0.182222657,5418.954358
818,0.347670375,5206.489385
819,0.152480126,5060.009782
831,0.099515108,5382.81172
835,0.489196203,5470.492881
837,0.215796492,5602.075943
841,0.887948603,5911.200524
846,0.29952942,5142.084842
856,0.36724197,4222.338553
861,0.516350977,5679.461009
862,0.533350209,4484.777603
863,0.789384538,5996.46851
865,0.735983789,4576.318755
871,0.508976006,4997.383426
879,0.232748138,5755.081437
880,0.122833681,4391.409933
881,0.2587261,5261.539703
885,0.429658132,5976.510123
887,0.333640123,5140.682459
892,0.049494749,4892.955896
898,0.046289132,4158.392844
900,0.156236237,5399.271855
904,0.334212938,6053.795511
906,0.574355441,4208.490654
910,0.767893243,4637.129884
912,0.298251644,5777.735508
913,0.384480752,4340.861686
919,0.087806046,5096.632691
924,0.490930147,4596.920928
925,0.441201077,5315.045745
930,0.178929288,5011.485942
940,0.186839247,4873.199389
941,0.186544131,5494.68166
946,0.253226805,5327.449317
949,0.382194016,4832.642332
951,0.075002948,5362.422179
962,0.046259662,4955.013251
966,0.077012105,4275.859569
967,0.016679858,4887.276781
971,0.812511557,4710.998086
981,0.027738435,5836.005883
982,0.056915534,4684.588419
983,0.079698218,4991.040224
984,0.0343733,5320.652356
989,0.179277334,5271.871068
990,0.576703607,5191.072916
992,0.515828033,4789.27818
995,0.07720786,3476.183733
996,0.399872695,5828.014369
998,0.408786646,5028.863947
1001,0.071067885,4511.148748
1007,0.149199979,5221.028239
1008,0.062037431,5485.398857
1016,0.046597556,5126.215815
1022,0.028692679,5019.90372
1027,0.448577975,4985.228173
1032,0.430121954,5072.444958
1033,0.176632137,3476.183733
1041,0.208416585,5020.095467
1065,0.606197429,5182.370803
1074,0.461486693,4760.976419
1075,0.340922389,5098.436588
1081,0.129015844,5392.759908
1094,0.043915006,5081.677911
1099,0.040413615,5402.527025
1105,0.373602239,5501.504785
1123,0.080507512,5341.99798
1135,0.009612163,5089.374225
1142,0.253639142,4494.332421
1155,0.055437102,5129.634793
1169,0.019085274,5108.628505
1176,0.029071567,5176.063262
1178,0.65663729,5410.195944
1180,0.028708613,5002.485809
1184,0.115937446,5405.692716
1185,0.644591245,5111.100134
1193,0.233159706,5224.524109
1196,0.215822366,5203.279624
1199,0.361725087,4978.614683
1203,0.206515902,4778.654447
1205,0.399953697,4443.448822
1207,0.040921715,4678.271765
1208,0.533461489,5122.585185
1212,0.625295948,4477.801467
1213,0.60323058,4923.892803
1222,0.074315852,5480.168309
1223,0.250124051,4699.82655
1226,0.364866957,3993.117718
1227,0.175334031,4653.587605
1229,0.115984968,4559.683781
1230,0.350657527,5693.452803
1231,0.506206514,4632.242012
1241,0.059791901,5349.825029
1243,0.055465881,4825.858468
1244,0.138819522,5194.799315
1246,0.141355594,3787.902321
1248,0.147473637,5229.156269
1249,0.119563136,5338.077263
1252,0.051718903,4856.254204
1261,0.119443915,5105.252829
1275,0.113181454,5207.089054
1281,0.849062932,5733.656238
1285,0.408026195,4261.89591
1288,0.52567877,5235.736488
1290,0.038600747,5692.931105
1291,0.256795466,5396.778976
1304,0.721233252,5430.304981
1305,0.068997873,5416.3464
1323,0.263846268,5949.554305
1342,0.537373304,5758.287927
1348,0.254705273,5350.855123
1353,0.259499315,5102.748649
1363,0.237619637,5017.553355
1371,0.223096473,5483.145477
1372,0.249745915,5682.489924
1378,0.292905119,4516.585392
1381,0.366121999,4892.265402
1382,0.421848417,4322.400151
1393,0.567072358,4272.681557
1394,0.020835063,5280.929645
1398,0.381313501,4619.873748
1404,0.558922545,4522.897565
1405,0.750231346,4601.345691
1419,0.268543714,5255.597132
1421,0.177958384,4284.270226
1426,0.092580424,4497.654811
1431,0.519127102,4431.773665
1435,0.027758387,5920.95416
1437,0.37838456,4474.025522
1438,0.215092717,5066.117934
1442,0.541747524,5536.945161
1464,0.093686694,4827.009195
1471,0.491835949,4436.931674
1473,0.197244723,5153.351609
1476,0.042958448,4649.016621
1478,0.283104565,4072.366007
1479,0.582201052,6011.399982
1487,0.558443663,4513.775248
1492,0.284937498,4413.855758
1496,0.088481345,5189.865613
1497,0.574676394,4299.257036
1515,0.018772371,4957.571274
1519,0.127826244,5562.990596
1522,0.69139255,5559.798455
1526,0.351198361,4304.900649
1537,0.044450191,4889.648209
1538,0.897529337,4919.893758
1540,0.224033848,5393.628937
1543,0.107809982,5140.617226
1548,0.271273223,4962.753061
1549,0.118301493,5035.257771
1556,0.658678931,5261.036851
1564,0.016704598,4813.003788
1570,0.202632231,4870.46751
1577,0.557797032,4389.590144
1585,0.191639791,4836.902929
1590,0.215290782,4338.68745
1592,0.647544967,5090.72683
1594,0.305094017,5491.519324
1596,0.570288866,5305.43101
1598,0.197730987,3073.771537
1603,0.438049615,5418.356159
1607,0.39825356,3073.771537
1612,0.067862272,5382.2608
1627,0.044451291,4471.574497
1629,0.749545659,5233.968889
1630,0.137222327,4623.236317
1640,0.333691451,5844.496501
1641,0.310074728,4940.895206
1646,0.132217205,5826.325794
1662,0.575184876,5263.597454
1668,0.189896524,5742.048355
1671,0.051388717,4845.399576
1672,0.556742751,4158.072922
1673,0.490819564,5784.717111
1686,0.343529269,4464.27349
1688,0.709751596,4717.743498
1696,0.023083607,5188.419389
1701,0.039339604,4080.599236
1707,0.129537802,5165.000376
1708,0.091993707,5309.617293
1713,0.069849426,5192.027738
1715,0.12193682,4809.520398
1717,0.032864706,4478.904118
1721,0.253081024,5411.259548
1724,0.785038568,5560.798999
1725,0.737691725,5406.205392
1730,0.113694155,4889.411362
1731,0.784648217,3408.635443
1734,0.380864409,5144.88658
1740,0.120185416,5373.298576
1748,0.0249211,5150.231324
1749,0.04675395,5089.374225
1750,0.658049434,4866.5861
1763,0.18226092,4984.287074
1768,0.054821084,4811.956069
1773,0.603741002,4231.23944
1777,0.14570948,4995.537481
1778,0.402648393,6017.549738
1780,0.14159755,4187.420792
1782,0.431692674,4251.150253
1784,0.074194082,5183.59925
1786,0.177923192,4948.856119
1787,0.149285257,5037.319142
1792,0.297125975,5669.595904
1800,0.569037966,6048.66846
1801,0.189446033,5244.005347
1803,0.107448872,4138.409725
1804,0.59387727,4670.216121
1807,0.022614382,5495.32511
1818,0.197635254,5765.172068
1821,0.026667061,5407.496643
1822,0.098019705,5434.916844
1828,0.060414825,5585.099254
1833,0.270505362,4866.5861
1844,0.345032378,5257.155028
1847,0.366618806,4122.088569
1850,0.058864037,4953.976283
1854,0.286365662,5064.322589
1858,0.312313169,5102.435013
1864,0.182533096,4038.516456
1867,0.071157559,4569.73704
1876,0.6000464,3960.222191
1880,0.283280552,5562.10944
1881,0.103687638,4952.96471
1891,0.250047577,4525.636739
1894,0.172835722,5294.711518
1895,0.045351848,4713.631866
1901,0.345887069,4871.339568
1905,0.064560284,5313.887495
1912,0.265121076,4814.050073
1918,0.329071495,4882.989579
1921,0.44241367,4566.944115
1923,0.367852812,5309.07038
1924,0.20643829,5085.352489
1931,0.058021447,4778.743229
1941,0.077023949,4581.166198
1950,0.092335555,5217.952537
1951,0.15528724,4544.123464
1954,0.014390778,4762.280558
1961,0.344744442,5883.080261
1966,0.010642661,4672.758737
1979,0.104971102,5043.152119
1982,0.047933985,5444.789152
1987,0.794952946,5057.841692
1997,0.246639986,5615.39406
2004,0.027190267,5184.243694
2011,0.573694598,4527.292885
2015,0.390325104,3137.717246
2025,0.01500574,5161.661249
2033,0.421682056,4440.928652
2034,0.006136152,5336.886964
2035,0.120845643,5346.699838
2036,0.496456734,4595.494998
2053,0.643016897,5292.31623
2059,0.74540898,5602.150559
2060,0.023902384,5675.210891
2073,0.247880384,4809.330471
2084,0.416553106,4468.195136
2089,0.087140681,4813.558949
2092,0.251982125,4445.909273
2109,0.424919347,4525.484067
2129,0.352693138,5457.114008
2134,0.402301752,4702.219548
2135,0.017848107,5151.494495
2148,0.016698683,5095.548306
2149,0.024971226,4306.933391
2150,0.249889901,4874.307403
2165,0.790036657,5728.79574
2166,0.03461779,4962.753061
2168,0.064428092,5968.442781
2170,0.239679756,4699.864173
2171,0.147882397,5251.20965
2172,0.033632177,5341.99798
2176,0.125518758,4573.327045
2182,0.085281094,4133.33123
2189,0.161999069,4200.953391
2191,0.05177086,3905.358545
2197,0.023374339,4591.02841
2202,0.12897799,4858.391006
2203,0.197348543,5896.173991
2204,0.587590929,5410.377989
2206,0.701430059,5358.681324
2218,0.067428474,5318.585308
2219,0.174884427,5274.629159
2221,0.443952039,5479.623649
2226,0.090940303,5303.714655
2228,0.418629623,5103.420475
2232,0.552024602,5560.88133
2236,0.286975586,5349.513295
2241,0.790698975,5998.770891
2245,0.043213074,5200.61559
2251,0.434535011,4150.960266
2255,0.036674123,4604.900129
2256,0.013266863,5350.336946
2259,0.015516545,5024.977182
2263,0.358520624,3796.199651
2264,0.03376372,5475.316838
2267,0.057206686,5253.703325
2273,0.780642306,5364.593512
2277,0.566134293,4586.81732
2287,0.148418978,4588.223596
2289,0.562644098,5828.820854
2291,0.107625787,4915.717364
2296,0.762820783,4507.70205
2299,0.080993856,5500.453297
2306,0.053561105,4666.553879
2314,0.316729995,6035.575505
2317,0.01868125,5299.941865
2318,0.705341878,5251.713075
2321,0.837076248,4776.357877
2324,0.02896748,4457.171107
2340,0.406603062,4287.400514
2343,0.037292178,5140.841045
2349,0.393588895,3540.129442
2352,0.204523054,6004.373868
2353,0.355261411,4490.167849
2365,0.846001482,3987.329313
2370,0.610219745,4730.234797
2378,0.239728934,5356.952629
2390,0.511839895,5303.306939
2399,0.216225524,5568.945555
2402,0.683326625,5585.779647
2403,0.489228,5048.442967
2404,0.094318603,5072.0405
2414,0.11119505,4386.852312
2422,0.289590913,4951.91774
2424,0.114154945,5510.692558
2430,0.619149117,5359.738276
2435,0.319892195,4690.019596
2439,0.049667207,4859.113149
2442,0.483955685,5077.398163
2445,0.333050421,5325.417441
2449,0.244203403,5353.903862
2451,0.283912011,4596.920928
2461,0.805798505,4763.781154
2464,0.138960691,5289.213807
2465,0.437406076,5885.81878
2472,0.053229389,4386.646816
2476,0.34618546,4809.010128
2482,0.211540525,4908.359321
2487,0.205887475,5546.648895
2498,0.292009623,5039.890484
2501,0.075136207,5096.993811
2504,0.329875009,3585.337209
2511,0.265232084,5539.151384
2518,0.021517049,4155.923341
2521,0.138734288,5817.451797
2530,0.090827114,5299.682197
2543,0.513065074,5469.719063
2545,0.424815492,5034.463237
2561,0.348511612,5605.112251
2566,0.544773926,5497.960502
2572,0.174273682,4972.766989
2577,0.081924366,5609.581573
2578,0.246524236,5429.263639
2580,0.26962268,5193.630939
2581,0.198969233,5078.781511
2582,0.052331301,4833.152383
2584,0.026108785,4887.227818
2590,0.02699828,5133.992336
2598,0.006782432,5106.323542
2602,0.160260623,5411.63657
2605,0.007767566,5278.288554
2616,0.178788924,5064.248358
2618,0.17484287,5572.324709
2619,0.337377887,5219.334613
2624,0.039340171,4792.847305
2632,0.196800586,5055.448988
2640,0.168076017,4977.170535
2646,0.021603498,4474.840787
2651,0.10153258,5467.679402
2660,0.040353168,5019.148625
2661,0.031236619,5661.213951
2668,0.057143346,5118.425094
2670,0.303760785,4997.62862
2680,0.437537316,4588.446474
2681,0.017214597,5310.436929
2689,0.32285495,3611.156528
2694,0.059336303,5723.69444
2695,0.795555112,5808.817464
2696,0.409459841,5603.743368
2702,0.047615158,4094.127213
2704,0.118161866,4455.21525
2708,0.0578221,5151.000398
2709,0.035411234,4865.107323
2714,0.422412644,4927.147058
2716,0.083929489,5284.923931
2723,0.097581863,4422.574269
2725,0.446205859,4858.230445
2738,0.051547415,5338.897698
2750,0.380659755,5112.362747
2756,0.314938826,4603.524232
2758,0.073072132,4606.273554
2766,0.324913897,3073.771537
2767,0.320602208,4782.332245
2771,0.187722065,3786.085077
2775,0.400707947,4582.582901
2776,0.164805197,5026.706274
2779,0.945390795,5585.371305
2780,0.336677155,4432.11202
2781,0.278868995,5357.312809
2782,0.460279876,4878.389789
2783,0.13459551,4757.086771
2796,0.232718921,4237.934176
2798,0.278411393,4994.693767
2800,0.065941433,4808.277702
2803,0.12507616,4519.811806
2806,0.004629463,5268.627166
2813,0.122783857,5243.456864
2818,0.122321584,5136.739188
2821,0.487394657,4647.235978
2825,0.321606264,4685.636137
2829,0.04428651,4640.487119
2830,0.513547259,5143.763877
2833,0.083122552,5642.53783
2839,0.869214632,3649.899108
2843,0.064844251,5472.033759
2846,0.062858928,5331.975818
2847,0.051762855,5634.812992
2848,0.124734573,5184.053726
2856,0.695847905,4436.552039
2863,0.442071936,4663.214752
2867,0.289201666,4613.103901
2869,0.251065871,5075.370927
2873,0.007657351,5251.123101
2874,0.452569686,4133.33123
2875,0.607443193,4346.620279
2880,0.557023136,4517.301752
2886,0.601430068,5530.147669
2887,0.231294813,4420.480755
2888,0.247245464,4668.189572
2889,0.594155903,4248.874601
2890,0.484470185,5198.477656
2892,0.254412285,5475.325733
2901,0.167410759,5036.958129
2902,0.121895785,5553.439263
2905,0.299877403,5349.226547
2917,0.394816643,5446.267484
2922,0.519673206,5542.082343
2924,0.093715878,4306.933391
2930,0.179766331,5856.148921
2931,0.093859743,5436.252993
2946,0.138891856,4848.188235
2955,0.360411928,5468.783013
2962,0.014017663,5017.547974
2964,0.02442274,5387.640369
2965,0.27711575,5202.910239
2967,0.019599371,5366.509173
2970,0.074070842,4773.248519
2973,0.484497103,4249.763739
2974,0.277301023,5347.198318
2976,0.665584511,5664.581836
2977,0.312241031,5485.451064
2978,0.12415033,5367.008777
2986,0.117353132,4687.852769
2988,0.278491778,4866.32773
2989,0.108926936,4859.785142
2995,0.676915427,6023.572409
3005,0.637198618,5098.532625
3011,0.123326095,4754.265392
3013,0.040878461,4747.765166
3019,0.525509417,5031.993832
3021,0.020643666,5448.694212
3022,0.479378357,5932.727627
3029,0.177906539,4116.748764
3037,0.171479296,5144.712732
3042,0.25723198,4251.150253
3043,0.199662354,5506.718453
3049,0.172626998,5848.888922
3050,0.591536507,5400.799493
3053,0.208078444,4555.205979
3058,0.256233014,5410.856256
3062,0.232613174,4801.399123
3063,0.443219701,5911.430688
3065,0.039785846,4220.676558
3080,0.090480322,4222.338553
3088,0.267467564,5934.598837
3093,0.544662939,5531.227424
3096,0.384308917,5297.493868
3101,0.381273178,5257.133665
3103,0.369844549,4045.45401
3107,0.37758704,4898.347818
3109,0.06756609,5426.26388
3111,0.095913573,4542.633579
3113,0.804144094,4475.474169
3116,0.005692502,5049.325284
3132,0.140100847,4672.758737
3141,0.212251248,4973.861183
3153,0.249314001,5158.032442
3154,0.039255655,5320.463812
3160,0.207911943,5156.364004
3167,0.070682078,4797.448758
3170,0.458225233,5236.923722
3173,0.474153472,4079.233175
3174,0.314704734,5157.691735
3177,0.147226978,5440.9015
3179,0.190521742,4546.957141
3184,0.396635072,4750.115258
3190,0.257090076,5205.524446
3193,0.039855897,4812.480108
3199,0.420881915,4255.880248
3201,0.089116758,5755.081437
3202,0.207107989,4944.901643
3203,0.686222734,3521.3915
3206,0.599186523,4008.109201
3209,0.048209229,4873.167934
3210,0.454167793,4531.365894
3217,0.231492004,5311.490668
3220,0.150268167,5468.938743
3228,0.289824226,4998.599165
3232,0.019612691,5225.313532
3239,0.101239324,5563.24431
3243,0.492341205,6060.514671
3245,0.137827594,5129.853459
3246,0.370910984,5236.832423
3251,0.03118296,4893.427256
3253,0.343974166,3200.276003
3257,0.083718946,4646.368975
3260,0.016637399,4767.714022
3261,0.229407124,4579.746865
3263,0.297247823,5152.21913
3278,0.200802062,5961.468592
3281,0.208669135,5110.591459
3283,0.059589862,4170.622077
3290,0.028951122,5312.457131
3297,0.352236893,4525.906371
3304,0.049876977,4786.468456
3305,0.456080621,5518.751174
3307,0.06910971,4607.644515
3308,0.335607671,5617.183891
3313,0.291419367,5101.599964
3314,0.223759842,5151.860486
3317,0.161084068,5208.650466
3348,0.074884591,5320.743618
3350,0.240110034,5333.406374
3359,0.022335876,4583.875742
3367,0.073453759,4496.530514
3376,0.083736962,5292.533809
3378,0.255744695,5232.661395
3384,0.778635389,5171.294955
3386,0.124317688,5144.087204
3387,0.111946734,4548.376949
3388,0.116287822,5398.016727
3390,0.047482754,4692.475215
3391,0.431395152,5104.874303
3396,0.280461768,4967.818851
3398,0.033218373,4464.390153
3404,0.031321069,5142.203453
3406,0.022443567,5180.368853
3407,0.051555154,4780.991671
3414,0.040124678,5109.457716
3419,0.160129788,4697.971681
3423,0.627613996,4813.813702
3427,0.042489655,4236.822451
3432,0.043115304,5570.050403
3434,0.04695946,4718.386536
3438,0.04296249,5289.972759
3442,0.196136316,4588.223596
3443,0.049383521,5419.559482
3448,0.068931352,5123.955491
3456,0.065598049,4752.750376
3464,0.141475305,5055.067691
3470,0.789240739,3265.608664
3475,0.487045448,5551.34373
3477,0.476313001,5541.546808
3490,0.078648515,4656.715133
3493,0.347047322,5479.813857
3502,0.505614195,4460.338808
3508,0.048364007,5411.653945
3516,0.086136428,5184.887596
3517,0.331334484,4816.659535
3525,0.261244166,4969.98367
3532,0.706713486,4759.980793
3535,0.293198055,3954.776886
3536,0.738781984,4400.327781
3540,0.069261982,5439.51982
3547,0.440391443,5585.371305
3550,0.427972941,5679.778214
3557,0.700818258,5124.356516
3562,0.091993245,5540.471399
3563,0.095849179,4769.932632
3564,0.362636767,5457.414184
3570,0.097902458,4924.72584
3573,0.301413363,4886.148893
3577,0.498495076,4794.458076
3579,0.558256143,5202.578398
3581,0.095675567,3073.771537
3587,0.336893992,5081.833248
3602,0.320810123,4949.225651
3609,0.419976538,4993.370612
3612,0.174411565,4502.840649
3621,0.41365225,3736.505767
3642,0.209964161,5583.751603
3647,0.729135366,5040.400932
3649,0.455027141,5521.425596
3654,0.471169047,5862.640804
3660,0.59207686,4583.875319
3665,0.698956908,4839.540351
3669,0.335223092,4637.723523
3673,0.280216225,6157.493633
3675,0.423819592,5709.376476
3678,0.067382255,4044.263181
3680,0.488729293,4428.710291
3686,0.513960576,4957.586906
3693,0.395571444,5672.933774
3710,0.600997767,5261.785808
3713,0.047797816,4261.991722
3718,0.403010913,5523.92005
3725,0.098113352,4602.835353
3726,0.316043148,4748.508707
3747,0.147363287,5313.296152
3753,0.020890358,4938.265039
3754,0.328331418,4835.59753
3760,0.765324756,5594.784908
3763,0.043704163,5420.207648
3765,0.251787036,5786.66387
3769,0.294599161,4583.106781
3771,0.526851275,5627.658375
3784,0.084784183,5026.517622
3787,0.22211836,5393.599265
3794,0.312979192,4971.551488
3796,0.066416277,5098.527486
3798,0.040199899,4673.862832
3809,0.170862719,4804.052061
3812,0.260715691,5807.564976
3819,0.230328692,5855.107971
3828,0.22499157,4975.132562
3831,0.281014338,4260.914469
3833,0.087788677,4711.841211
3837,0.726972123,3585.337209
3839,0.785612857,5113.593883
3843,0.411750532,4968.542288
3846,0.078363651,5387.640369
3854,0.039137843,4385.021626
3861,0.073251783,5283.009564
3864,0.381910392,4643.760403
3868,0.070463126,5577.257844
3869,0.144806587,4107.419909
3870,0.141885183,4831.320319
3883,0.168606875,4574.601465
3886,0.055565767,4206.177826
3889,0.407095598,5760.25074
3894,0.385435978,5035.788501
3907,0.061573489,4322.400151
3910,0.076875359,5075.461206
3913,0.030189664,3652.87887
3914,0.295536306,5860.755915
3921,0.23570929,4197.276939
3923,0.022229001,5369.028673
3929,0.519532224,5581.160716
3931,0.574413408,5605.622795
3932,0.344901985,4783.599488
3937,0.559484403,4664.907635
3943,0.283309682,3201.662955
3956,0.458260703,5322.642381
3957,0.512604336,4582.678701
3961,0.571045201,5016.874872
3971,0.181706807,5126.700775
4004,0.219688272,5117.270567
4005,0.058741837,5591.79959
4006,0.009922887,5271.971993
4011,0.147245425,4844.329677
4013,0.152511517,5718.200739
4014,0.099904443,4538.152014
4016,0.413679226,4839.246587
4017,0.022829316,4364.589259
4020,0.04849744,4659.162133
4022,0.123783736,5906.787889
4026,0.205710313,5363.441895
4032,0.171786596,5316.420887
4043,0.081758848,5691.135728
4045,0.261494121,3987.521906
4048,0.095969643,5334.878526
4051,0.107765948,4705.779266
4052,0.260769603,5474.452696
4056,0.066676824,4066.827499
4059,0.028338444,5782.486678
4069,0.060614601,4482.945961
4074,0.491760711,4552.514581
4076,0.242680326,5779.136919
4077,0.687451967,5654.211701
4079,0.702440592,5216.142387
4081,0.636086821,5798.519772
4088,0.139660802,4837.22058
4105,0.11083477,5595.516221
4125,0.216687975,4508.874867
4134,0.629184326,4986.567527
4139,0.006369335,5267.761418
4146,0.053291395,5547.082626
4149,0.069116272,4970.886381
4151,0.815981444,5378.991454
4155,0.172655883,5217.507123
4157,0.11615174,4954.097128
4168,0.590262033,4964.470844
4170,0.240653647,4542.141344
4174,0.071959545,4638.516398
4179,0.40122497,5192.567315
4185,0.105364106,4158.392844
4199,0.616666362,5469.592024
4205,0.072785476,4841.771567
4208,0.022592179,4755.959469
4211,0.672748707,4979.814311
4212,0.064446047,4961.891866
4215,0.655805741,5721.036173
4217,0.133522473,5360.495728
4219,0.856705761,5122.713716
4226,0.555311906,3894.537435
4227,0.327030895,4166.407874
4229,0.029097027,4986.063486
4231,0.120395767,5153.319934
4233,0.014212706,4203.858216
4237,0.428821618,4849.230867
4243,0.389431279,5697.680995
4248,0.159975652,5399.252476
4255,0.112390908,4949.796093
4262,0.04503085,5258.17154
4266,0.624196399,4795.518014
4268,0.309273708,4798.632663
4270,0.66859064,5733.499283
4273,0.045618003,4717.200639
4276,0.080318562,5259.341575
4277,0.139029639,5339.373284
4279,0.344636087,4786.808357
4299,0.160525442,5221.152905
4313,0.038722743,5458.242291
4322,0.03609137,5487.502218
4324,0.075463272,4433.226885
4328,0.360426318,5333.843999
4331,0.238174632,5172.898476
4335,0.050899507,4612.423607
4337,0.465969723,4192.648404
4338,0.438138208,5777.484626
4343,0.062638805,5124.934942
4347,0.10807028,4804.581546
4355,0.73306051,5571.91425
4357,0.005374349,5544.116426
4359,0.053607835,4234.567786
4362,0.135557847,5365.418927
4368,0.528673175,5521.044108
4374,0.050173565,5062.280014
4375,0.512385898,4823.244089
4378,0.358363864,4157.15909
4381,0.714350542,5860.361778
4387,0.101003808,5719.975901
4400,0.016460622,4749.72941
4423,0.180687362,4101.018707
4424,0.055912577,4052.803054
4428,0.390117722,4483.011432
4433,0.703083442,6143.249202
4436,0.491874498,4686.198029
4437,0.193541363,5181.702729
4439,0.319880976,4711.372938
4449,0.248436958,4761.127583
4456,0.086788613,5355.584898
4463,0.097058148,4738.436312
4467,0.064285331,5296.956624
4468,0.080052896,5946.409606
4469,0.050154533,4684.465436
4472,0.200866603,5440.992179
4473,0.024694595,5048.091331
4476,0.675483869,4682.152748
4500,0.028163233,5342.755827
4509,0.211443786,4970.460462
4513,0.866675509,4809.308844
4521,0.028354347,5744.819815
4527,0.48782294,5562.809889
4530,0.430671909,4427.148454
4532,0.479945041,5241.621058
4533,0.076192576,5212.877244
4535,0.371580374,5075.461206
4536,0.43242976,5175.487889
4542,0.317553996,4707.052576
4551,0.81540514,4926.246816
4554,0.080184352,5368.26731
4555,0.567786709,4057.063427
4564,0.250726464,5738.767116
4572,0.503467192,5345.843955
4573,0.102070704,5453.201306
4577,0.329150976,5848.611657
4579,0.250627915,4417.321253
4583,0.087116366,4108.341456
4584,0.540384207,4705.841881
4596,0.0503521,4649.016621
4599,0.171877608,5068.818017
4607,0.393621604,5793.798876
4609,0.462237191,4654.356679
4610,0.073992048,4945.045775
4616,0.458925558,5915.327932
4617,0.356706958,5806.29279
4633,0.247352533,5032.620496
4638,0.287756092,5158.698798
4641,0.045386344,5648.658222
4653,0.589481191,4834.985236
4655,0.284743945,5421.556068
4659,0.359271944,4434.6927
4669,0.091937068,4468.294188
4678,0.054135752,4688.367641
4685,0.660486,5581.564068
4686,0.172898098,5073.963521
4691,0.272191375,5116.201147
4695,0.140014565,5404.17559
4698,0.178159721,4245.164061
4700,0.631082213,5244.092565
4711,0.111943132,5923.870134
4722,0.032815955,4776.54017
4727,0.543738135,4474.025522
4756,0.011268797,4466.648739
4762,0.304043552,3928.041004
4763,0.271150654,5342.009173
4766,0.068778667,5525.252991
4770,0.11782849,5178.413008
4784,0.236220404,5037.382628
4791,0.097371678,5157.242697
4795,0.040265335,4724.288579
4799,0.687128973,5295.839452
4802,0.409449563,4835.385411
4805,0.72621467,4172.43603
4814,0.591605088,4672.535731
4816,0.336656251,4805.620718
4817,0.051352625,4248.376787
4822,0.280365491,4777.09896
4827,0.432741733,5549.651107
4833,0.136855465,5509.556123
4836,0.011238838,4966.632007
4842,0.315473943,5952.53896
4844,0.062831295,5151.003391
4845,0.386384862,4294.655043
4849,0.220688067,4228.994767
4850,0.355726837,5767.889585
4860,0.037043347,4901.31512
4863,0.260671649,5610.995712
4871,0.209370131,5160.960168
4878,0.377417242,4042.830545
4881,0.593907228,6116.348482
4888,0.503165395,5421.452419
4900,0.297023661,5565.337123
4906,0.489256509,5303.874167
4909,0.019851008,5344.918826
4916,0.126615856,4648.319578
4918,0.522398458,4529.639007
4926,0.317368227,4730.728616
4928,0.119213878,4943.270686
4941,0.300943717,5251.20965
4946,0.111832487,6093.547924
4949,0.058235327,4851.399126
4956,0.061654242,4830.598719
4966,0.04396173,5149.316523
4969,0.466548573,4404.807395
4973,0.094691658,5118.354608
4978,0.441147575,4387.942558
4982,0.35846324,4318.429955
4985,0.035775194,5005.364236
4991,0.159648254,5771.038835
4998,0.042342166,5253.703325
5000,0.537786716,5617.486961
5004,0.363431989,5320.299664
5005,0.592422002,5618.030816
5011,0.703821538,4116.50357
5016,0.480257498,4396.393099
5018,0.052757156,5370.289966
5034,0.230987382,4436.407907
5038,0.022889652,3476.183733
5042,0.07016636,4443.756341
5046,0.057631123,4138.409725
5051,0.164245561,5373.329672
5054,0.133680947,5191.296948
5057,0.344385275,5038.893567
5062,0.053519991,3994.197151
5063,0.059245959,4738.228518
5065,0.089167672,4445.77604
5066,0.106165285,5304.55364
5076,0.209512192,5554.421141
5089,0.257112357,4564.426158
5092,0.553096762,4752.322245
5093,0.519911465,4057.037474
5094,0.029658941,4910.205483
5098,0.745764536,4379.810632
5102,0.052229694,4804.581546
5112,0.381497802,6108.482744
5117,0.439696724,5399.863411
5127,0.420246119,4185.81803
5130,0.272729442,5419.460875
5131,0.520401489,4943.510112
5132,0.575055298,5364.734781
5135,0.668173055,4427.148454
5136,0.020476064,4272.681557
5147,0.354194283,5218.105421
5157,0.076922897,5324.094768
5160,0.258614336,5067.926265
5165,0.015088488,4924.642793
5166,0.39841616,4697.362911
5172,0.60013436,4907.032456
5173,0.192312363,4679.764749
5179,0.880045981,3457.445791
5184,0.484177554,5102.390238
5187,0.070063244,5732.308526
5191,0.110578741,5594.347133
5193,0.142210907,5494.896204
5194,0.159791903,5624.80927
5199,0.236501412,5208.962366
5212,0.022759383,4947.540232
5213,0.575015315,3973.845919
5224,0.246764917,4727.160461
5226,0.162232433,4707.64663
5239,0.268273446,4615.141159
5252,0.798110932,5823.195408
5264,0.161399735,4466.455317
5266,0.015001902,4934.701812
5271,0.023835633,5461.962436
5273,0.037703264,4222.220919
5276,0.681428495,5084.206988
5278,0.050122039,5143.223668
5281,0.670731841,5757.11417
5283,0.469201453,5203.972133
5291,0.076218118,4929.775092
5294,0.353603648,5054.618108
5296,0.523277533,4177.866783
5297,0.881590563,5896.00755
5313,0.032229929,5614.48658
5314,0.306715276,4292.940476
5321,0.187004554,5459.179517
5325,0.012101194,4565.156114
5326,0.141296688,5347.313839
5328,0.023576791,5092.649068
5334,0.126746563,4916.729147
5338,0.412124312,4428.827453
5344,0.239005827,4434.824809
5348,0.233860292,5334.878526
5352,0.187806485,4772.144821
5353,0.076996933,4923.005245
5354,0.507612844,5748.451102
5361,0.815333986,3457.445791
5364,0.021792831,5001.763394
5365,0.121006533,4858.403785
5367,0.531958115,4196.107311
5379,0.3612224,4867.99777
5382,0.316816661,6092.311095
5386,0.291093747,4235.336748
5395,0.070120751,5150.030999
5410,0.288043083,5782.843177
5411,0.14304946,4254.484246
5416,0.367402671,4522.897565
5424,0.695265122,4313.709448
5426,0.266399971,5671.385258
5428,0.174013606,5144.921005
5430,0.340065672,4725.415788
5433,0.191820007,4576.186958
5437,0.005491068,5965.656506
5440,0.196725066,5405.809606
5442,0.79094042,5315.552173
5445,0.493942247,5233.45183
5449,0.171242209,4304.098495
5452,0.364301667,4087.903425
5460,0.680248775,4573.034273
5461,0.031795648,3137.717246
5465,0.150249305,5641.855418
5467,0.163314728,3751.557403
5471,0.265171804,4248.376787
5474,0.563079418,6159.649451
5475,0.023835356,4869.495722
5480,0.039701481,4779.958607
5481,0.180581975,5073.233459
5484,0.116457509,4460.86161
5494,0.059229381,5673.446959
5495,0.748921417,5294.677598
5497,0.05888056,4583.996982
5499,0.442612642,5005.364683
5507,0.038154066,5220.106827
5510,0.107522878,5092.273667
5515,0.186892503,3838.675915
5516,0.043286555,4771.039527
5517,0.135016828,5565.561385
5524,0.059427547,5253.205241
5530,0.145985639,5165.110672
5534,0.311414282,5011.097245
5543,0.423214997,5183.92154
5545,0.554579469,4453.828849
5558,0.191530095,6029.602215
5562,0.165796606,5608.56287
5573,0.627412518,5432.30091
5581,0.140674463,5072.0405
5583,0.477215471,5208.182408
5587,0.512367298,3812.788605
5589,0.879327898,5580.397049
5591,0.109125906,5811.75457
5596,0.230748565,5000.37688
5606,0.714038994,5054.280612
5608,0.217524163,5141.836136
5611,0.081654307,4373.01408
5612,0.247724953,5013.677829
5614,0.246731869,4090.303787
5620,0.031183935,5377.241861
5623,0.083794767,4959.302443
5624,0.107807919,5313.895594
5626,0.340714838,4785.553229
5633,0.183355918,5550.085498
5635,0.061677286,5367.743036
5640,0.436359557,5428.428554
5643,0.085794826,5871.345298
5644,0.437721318,4560.80504
5653,0.340394519,5034.581777
5663,0.025829284,4782.021193
5664,0.506617451,4560.80504
5667,0.505219905,5281.575917
5671,0.522648429,4833.55748
5673,0.594547856,5239.098536
5676,0.088649031,5446.412005
5678,0.107400055,5356.532001
5698,0.260831262,5082.046165
5700,0.03021334,5563.24431
5705,0.239799189,5384.816374
5706,0.696360994,4980.595182
5711,0.08009786,5074.248977
5712,0.860279457,4358.245001
5716,0.379469407,3540.129442
5719,0.341106307,5678.711086
5725,0.897395166,4413.046771
5728,0.106800187,5121.431916
5734,0.053046271,4403.134103
5735,0.070319724,4261.991722
5743,0.199337504,5000.431211
5754,0.222594551,4947.979113
5755,0.378789797,5455.188098
5756,0.095785168,5206.986573
5766,0.030120975,5297.771547
5770,0.63120009,5260.64264
5774,0.203330075,5095.500085
5775,0.030935223,5165.110672
5776,0.144605378,5467.822669
5778,0.030937171,5303.808419
5786,0.395132904,4928.750549
5787,0.331489916,5904.441058
5791,0.239626493,5246.424293
5794,0.229469307,4523.348348
5803,0.201748301,4626.584158
5804,0.26977453,4733.638063
5808,0.172972966,4462.729736
5810,0.020892415,4275.108114
5813,0.543327244,4267.803925
5828,0.158374735,5090.584887
5839,0.244318538,5814.703778
5842,0.440746124,5131.389813
5843,0.040497093,4712.438562
5844,0.291137442,4740.2093
5847,0.618559469,6051.244726
5851,0.018714805,5097.156459
5854,0.052533377,6147.742914
5857,0.019151384,4116.748764
5866,0.552546623,5287.372214
5874,0.477369204,3073.771537
5886,0.091536986,5456.71672
5895,0.104345163,4608.069173
5897,0.019391334,5072.413425
5898,0.264143199,4340.687663
5900,0.721059872,5971.644378
5902,0.339369287,5256.013708
5908,0.64704583,5084.206988
5909,0.026439513,5053.756844
5912,0.026233396,4871.91273
5913,0.088616401,5140.214002
5917,0.313875259,5110.050479
5918,0.558199035,5721.234575
5921,0.141245119,5309.137755
5931,0.275499605,4170.622077
5942,0.529636942,3882.775805
5943,0.719911125,5434.406028
5950,0.035700361,5818.248328
5954,0.005860526,5546.051863
5983,0.020699004,5378.0109
5995,0.664856415,5490.519278
6002,0.095302982,5805.535798
6005,0.049584768,4555.939131
6009,0.309168602,5025.517918
6011,0.00693337,5407.514191
6012,0.017488862,5232.499157
6019,0.179751785,4270.123535
6021,0.277464704,4592.164908
6029,0.739341071,6009.074256
6036,0.356789038,5925.667649
6037,0.00726445,4818.740709
6038,0.04118293,5090.644479
6043,0.051687791,4602.092128
6045,0.112097294,5208.094537
6047,0.684659099,4930.876589
6048,0.032309509,5354.472557
6061,0.312899131,5469.408491
6063,0.222077765,4972.149235
6064,0.06563536,5309.640466
6068,0.715365418,5482.994879
6069,0.045630648,5130.546403
6070,0.428145213,5350.868885
6071,0.184748687,5257.880457
6074,0.289965562,5725.683428
6079,0.431345316,6029.378933
6082,0.031594288,5418.798847
6088,0.794403223,4197.380615
6094,0.12961507,5110.295596
6095,0.280948827,4750.884645
6098,0.443833204,5585.365611
6102,0.021400618,4470.755739
6105,0.343583236,5159.480796
6113,0.063070818,5479.529265
6116,0.358769461,3696.577177
6120,0.334529157,5574.025599
6121,0.304116709,4560.80504
6126,0.253874688,5663.060859
6144,0.080597971,5212.583058
6145,0.022031643,5617.276605
6153,0.239327817,5907.380795
6156,0.142500421,5413.119754
6159,0.249602518,4272.394381
6162,0.071757737,5342.164391
6184,0.710383778,5146.240136
6188,0.261072316,5814.663411
6189,0.226585019,5107.962833
6191,0.465914161,5544.615649
6211,0.506151044,5407.032829
6216,0.222778814,5206.464257
6218,0.592764363,4832.642332
6222,0.233777156,4610.030719
6235,0.268649919,3476.183733
6245,0.207448622,5327.228604
6248,0.630445835,5453.868522
6253,0.296460333,4273.856171
6256,0.006022177,5635.318784
6257,0.410176148,5250.709937
6259,0.400387175,4734.85076
6266,0.11037074,5819.027146
6268,0.286920196,4311.991721
6275,0.263238593,5724.785194
6280,0.689552569,5165.734328
6283,0.373618463,5634.126487
6288,0.057427089,4639.830776
6289,0.097363826,4080.599236
6301,0.047319044,5204.794217
6308,0.187666256,5404.266497
6314,0.024071711,5965.105627
6315,0.097979209,5302.875195
6316,0.639911028,5744.646459
6317,0.47421461,5170.790733
6318,0.031665043,4779.364044
6323,0.726981869,4554.26133
6329,0.652741979,4293.777546
6336,0.179995171,4500.551548
6341,0.874252592,5301.887606
6348,0.160044697,5085.986459
6349,0.03194589,5500.953825
6365,0.036132768,5081.30948
6372,0.279134697,3201.662955
6376,0.03111475,5374.149702
6378,0.069322588,4951.481116
6379,0.825954034,5274.691352
6382,0.152340777,4913.425575
6383,0.446665573,4992.687276
6389,0.749572294,3540.129442
6390,0.031774059,5041.98908
6392,0.076465409,5258.172904
6394,0.625857625,5625.128141
6402,0.113820639,5213.005525
6404,0.404728746,4240.152786
6405,0.025064755,5803.630105
6406,0.249697114,4389.88314
6409,0.08906581,5431.746513
6410,0.125796742,4571.485005
6411,0.081334413,4927.694347
6421,0.078932204,4750.865931
6428,0.43307623,5080.11255
6429,0.32518701,3708.162502
6432,0.133497735,4573.327045
6436,0.030952497,4883.944371
6437,0.28796076,4158.392844
6438,0.193998144,4988.563959
6445,0.15614037,5664.443591
6447,0.542890851,4922.20634
6450,0.029983508,5446.868992
6462,0.167586587,5033.65883
6467,0.676818676,5720.839811
6478,0.036601322,5161.690233
6484,0.166470829,5648.799041
6492,0.368334991,4597.131112
6497,0.036988774,4874.342351
6504,0.222102119,5300.068665
6505,0.117122582,4829.991537
6513,0.577654251,4469.115586
6525,0.296578066,4347.455798
6526,0.266358183,5505.580977
6528,0.050387758,4081.96286
6540,0.008478003,4603.524232
6542,0.080632539,5353.585723
6544,0.400585197,5655.299885
6548,0.0756626,5355.034175
6552,0.206945523,5599.11515
6558,0.008213692,5135.023563
6567,0.039702824,4918.218549
6569,0.546838501,5763.203039
6572,0.072896086,5588.585969
6577,0.058933185,5472.585334
6581,0.206253072,5411.329062
6588,0.545835657,5589.765335
6591,0.763323771,4023.957716
6594,0.286869967,5485.711961
6600,0.401834343,5739.288027
6602,0.216367593,4849.879189
6604,0.079187223,5240.708531
6605,0.030277287,4952.841863
6614,0.224989982,4672.605742
6616,0.338972897,5445.176832
6621,0.416891603,4542.067098
6640,0.355986188,5118.009097
6641,0.385822434,5975.786092
6643,0.042349754,5397.512737
6644,0.193383164,5643.373729
6649,0.553184176,6175.892995
6650,0.760449411,5276.271264
6655,0.479342253,4553.597349
6661,0.023814579,4508.319603
6672,0.273194308,4539.292925
6677,0.048000164,4888.226235
6688,0.083432806,4535.743426
6689,0.043452905,4856.254204
6691,0.048668874,5410.38509
6692,0.438481222,4116.748764
6694,0.734765326,4599.689135
6702,0.411356546,5426.552944
6714,0.044238102,4612.322658
6716,0.607828939,4126.935287
6724,0.076310219,4923.654988
6725,0.071122565,5372.853153
6730,0.140987041,5634.108953
6735,0.482935751,4836.949035
6738,0.347830636,5601.03788
6739,0.238020292,4678.870619
6743,0.322568354,5184.445308
6747,0.135098959,5451.215508
6750,0.719949947,5527.653904
6751,0.52183073,4560.80504
6753,0.373665471,4098.085552
6754,0.301159694,5616.902203
6755,0.082298126,5397.928208
6762,0.257537211,4604.753119
6764,0.067697378,4927.074345
6772,0.61228531,4701.025577
6774,0.092627076,4970.034306
6787,0.183712782,5390.670644
6789,0.038672592,5089.73879
6793,0.130777499,5625.36352
6798,0.010571813,4969.063477
6799,0.024715007,4386.852312
6800,0.114777405,5085.090446
6802,0.029192403,4738.847319
6808,0.381819912,4849.03418
6809,0.044497797,5254.656131
6812,0.015157469,5194.144932
6814,0.849899217,5465.851199
6816,0.55042409,4185.81803
6822,0.069980957,5701.55108
6829,0.355034977,5126.735776
6834,0.871046708,5289.006723
6836,0.026715537,4066.827499
6839,0.144099926,5876.653033
6840,0.552089154,3137.717246
6843,0.054961778,5870.727858
6846,0.508600718,5233.732515
6848,0.017021383,4956.270319
6852,0.061300304,4656.072585
6856,0.204885713,4080.599236
6860,0.089969508,5315.878823
6866,0.362418506,4460.801737
6870,0.536329372,3137.717246
6878,0.670539613,3920.72797
6880,0.120900823,4872.407386
6885,0.02220598,4084.68283
6897,0.061566476,4228.994767
6902,0.725016357,4840.532304
6904,0.476162709,4752.642167
6907,0.044485654,5206.247036
6909,0.202837182,5601.395711
6914,0.570563823,4496.539409
6915,0.517544884,5507.200981
6922,0.375175336,4243.013295
6924,0.187290664,4623.90706
6933,0.10225904,4120.485369
6934,0.088532316,5069.380739
6941,0.36846625,5130.220247
6957,0.30505389,5081.906488
6960,0.05337696,5186.816051
6969,0.060532574,5211.742667
6975,0.134984201,5803.387583
6980,0.716750641,4890.981068
6983,0.063523884,5326.201168
6987,0.085527084,4908.821517
6994,0.05348992,4303.882247
6997,0.007669526,4806.820268
7002,0.115915439,5197.019767
7010,0.029129293,5059.137879
7015,0.497902188,4915.512119
7019,0.315496776,3604.075151
7022,0.357760341,5492.942097
7025,0.02834097,4959.725416
7029,0.044270949,5626.809471
7031,0.191703879,5066.526547
7037,0.45525962,4813.917213
7038,0.174626009,5164.519118
7043,0.132055715,4753.133918
7049,0.065477126,4924.816409
7052,0.228601811,4206.177826
7053,0.317551256,5283.488606
7056,0.004164921,5303.472353
7057,0.583331619,4441.600428
7080,0.228003699,5427.670587
7086,0.148286222,5559.361321
7087,0.089171348,5623.133421
7105,0.481641514,4353.919331
7108,0.011710041,4871.922878
7121,0.609237949,3137.717246
7122,0.303434903,5228.359813
7125,0.495082747,5144.957348
7132,0.30766418,5730.06615
7134,0.134702635,4606.031999
7151,0.348002209,4297.743171
7152,0.70188845,4952.850075
7157,0.126799089,5102.82467
7159,0.124366616,4944.550953
7166,0.726009309,4664.791796
7167,0.065260959,4971.312062
7177,0.042013356,4139.674094
7179,0.711841797,5272.030653
7181,0.312589529,5623.440434
7183,0.102519104,5767.429594
7186,0.033500814,4222.338553
7193,0.019145599,5809.113732
7205,0.035351772,5326.380351
7207,0.031293918,3476.183733
7209,0.436002797,4919.110161
7216,0.297783945,5341.121472
7232,0.791493359,4853.249915
7235,0.133874839,5294.711518
7238,0.315897192,5070.696905
7240,0.753375101,4695.192344
7243,0.368480832,4724.876284
7252,0.316349978,5965.656506
7269,0.184098059,5606.175548
7275,0.034312226,4456.700953
7281,0.170844346,5164.339493
7283,0.059291717,5550.378942
7287,0.207225547,5783.732092
7289,0.422630962,5798.276745
7291,0.427339724,5478.703745
7294,0.025549455,4810.897388
7304,0.412741588,4009.116264
7308,0.281416598,4486.136419
7313,0.058238504,4725.113303
7319,0.315115715,4870.194232
7325,0.072465832,5217.507123
7326,0.064593293,5351.119846
7330,0.326039451,5182.249642
7332,0.014402282,4222.018631
7337,0.394460451,4779.357909
7341,0.283574106,4608.590022
7346,0.532001998,5881.866731
7353,0.542909263,4959.302443
7354,0.684427278,4804.260734
7361,0.42506923,5799.129742
7366,0.504696697,5507.307786
7368,0.041431158,3864.35167
7372,0.042465168,4727.808051
7375,0.456198127,4638.459111
7377,0.308266066,4106.431174
7380,0.127878759,5166.694358
7382,0.330375216,5506.468719
7385,0.679566298,5251.643063
7392,0.564547371,5656.727982
7395,0.067920301,4945.782185
7397,0.167322898,4593.822968
7403,0.089594031,5239.606424
7406,0.568825061,5551.447927
7409,0.569755432,4652.693073
7410,0.222547099,5401.643182
7412,0.052094682,5477.75896
7419,0.260965067,5278.202562
7425,0.105336062,3073.771537
7435,0.100145269,4996.932209
7438,0.357768759,4956.270319
7440,0.144006172,4981.877765
7447,0.111290117,5469.588033
7449,0.67010011,4928.318567
7456,0.241417603,5297.073787
7464,0.084128448,5015.943963
7478,0.118425408,5545.460456
7480,0.046750282,5420.37457
7481,0.447241863,5338.312488
7483,0.254148309,4630.582305
7484,0.180317474,5454.616353
7491,0.577896926,5892.298448
7494,0.314302441,5207.787719
7501,0.297963886,5463.291982
7503,0.760225309,5703.667935
7509,0.169471859,5385.36471
7517,0.12885681,4388.678623
7518,0.201393959,5218.260665
7519,0.235321232,5561.050752
7521,0.457017347,4389.88314
7522,0.504022796,4920.03387
7536,0.088238171,5941.686087
7539,0.021145648,5050.457161
7547,0.387571427,5235.640249
7549,0.044988181,4916.426662
7552,0.510057606,4685.192929
7554,0.251202855,5551.330123
7556,0.059098492,5754.819744
7564,0.114570466,4834.985236
7566,0.30524083,5941.479792
7570,0.326273312,5509.804953
7571,0.027263261,4333.85906
7572,0.245258468,5221.152905
7575,0.079969143,5507.026686
7586,0.059010441,4799.25564
7589,0.042591783,5389.855988
7590,0.040909616,6034.01986
7597,0.279646551,5082.431851
7602,0.023255386,5227.447203
7604,0.418670156,4954.967146
7605,0.336136389,4247.797728
7612,0.836140747,4828.571915
7615,0.062332336,5156.677588
7617,0.152389399,5358.935919
7624,0.094281824,5045.394114
7632,0.08912448,4892.484245
7639,0.434000356,4373.112799
7642,0.181740187,4618.985581
7643,0.218805282,5604.483188
7649,0.365660074,5321.782186
7650,0.537577961,5169.083967
7653,0.213953606,5303.096755
7654,0.327417068,4785.285158
7657,0.564641919,5528.278596
7662,0.271111184,4887.981041
7669,0.795519199,5808.674656
7671,0.013230069,4194.508733
7675,0.034178493,4737.692771
7678,0.172467292,5704.385018
7682,0.781930233,5006.624686
7688,0.419769958,4877.716797
7689,0.135532681,5442.350811
7690,0.081093662,5318.818097
7692,0.402403038,5549.606957
7699,0.27424088,5281.578324
7705,0.540292852,5037.061805
7712,0.22878045,3201.662955
7726,0.587199224,5153.843701
7728,0.199322811,5046.244934
7735,0.401824413,4781.739526
7737,0.609322333,4456.148385
7739,0.045656909,4666.043432
7743,0.567726341,5495.922617
7744,0.202427402,5189.469716
7746,0.259441586,4392.88957
7749,0.333909454,5605.740796
7750,0.354896571,4292.940476
7752,0.056081039,4711.243393
7755,0.092232451,5467.527578
7756,0.830890786,4893.072888
7762,0.094589835,4882.960773
7764,0.758796114,5038.330659
7769,0.132696483,4631.406962
7770,0.447659381,4811.92076
7776,0.113402294,4402.238601
7778,0.328264927,3539.821923
7784,0.368018346,5277.394487
7786,0.246571054,4701.218463
7789,0.243274333,5184.433388
7793,0.207581798,5553.175293
7794,0.057567566,5280.481699
7804,0.270856462,4636.979982
7811,0.28481726,4420.480755
7813,0.152514917,5111.654724
7815,0.317918022,4680.157737
7817,0.012456484,4744.594044
7818,0.306489418,5936.608941
7821,0.094584409,5089.661178
7825,0.026032056,5142.203453
7830,0.581067806,4154.61734
7832,0.166554057,4551.529634
7835,0.010723889,4889.648209
7839,0.259889943,4903.018814
7842,0.032306248,4998.358928
7849,0.524379495,5283.919906
7856,0.31329693,5331.534097
7857,0.004271671,5119.757657
7863,0.036503049,4811.431671
7866,0.20313414,4588.470387
7871,0.093515214,4833.152383
7875,0.557227621,4660.085766
7882,0.743461312,6086.182678
7887,0.511799594,4282.892945
7888,0.648130563,5342.840518
7891,0.868955174,5964.515048
7895,0.021010445,5556.090207
7901,0.492958431,4489.368778
7906,0.303052369,5204.628168
7908,0.829306918,5264.77432
7917,0.197157179,4802.85664
7924,0.619426593,5100.040653
7948,0.293961171,5311.519373
7950,0.708024961,4829.450294
7955,0.207502349,5763.046512
7957,0.050685689,4666.781062
7959,0.234570708,4656.715133
7967,0.04583952,5335.326146
7969,0.048948838,5656.041702
7971,0.172524238,5192.268338
7974,0.372716529,5513.020358
7976,0.047901007,4884.243588
7986,0.874013491,3795.912278
7987,0.727737908,4954.50005
7993,0.26027565,4907.22827
7996,0.506683817,5318.869172
7998,0.254683522,4875.621583
8018,0.064359331,5807.2495
8019,0.351461608,4983.97349
8027,0.015749659,4741.726083
8036,0.064253775,5397.4798
8040,0.061426126,4877.235644
8044,0.057995982,5440.509756
8050,0.02864808,5654.714789
8052,0.470372009,5668.149714
8054,0.346173897,3978.539756
8057,0.708205482,3859.857987
8058,0.197455691,4799.25564
8059,0.546554167,5488.697811
8066,0.894301335,5046.137589
8070,0.048215822,5627.190019
8072,0.336229187,4566.710845
8078,0.026395522,4503.693261
8079,0.094299277,3073.771537
8080,0.508884876,3073.771537
8081,0.185205907,5199.312705
8088,0.108834552,5259.697437
8091,0.672641425,5352.68405
8094,0.159630505,5307.163706
8095,0.708650865,5257.981658
8099,0.087150405,5178.424041
8101,0.27710248,4683.097397
8102,0.0107218,5552.739489
8116,0.492317837,4680.383122
8125,0.277112282,5037.804029
8134,0.325480047,4986.516073
8139,0.033325262,5380.074482
8141,0.066139567,5531.13419
8147,0.07258464,4702.649757
8158,0.310481597,5402.947781
8160,0.108031746,4849.879189
8165,0.283697315,4377.654719
8187,0.330981203,4440.680616
8205,0.252910773,4753.80718
8209,0.265628084,5468.938743
8211,0.340587035,4801.060333
8232,0.003239445,5165.99063
8236,0.063963083,4052.803054
8237,0.229468758,5435.42535
8238,0.744734395,5118.010072
8245,0.456201035,4892.762818
8256,0.395352404,4519.160959
8268,0.058281562,5104.381311
8269,0.027682391,4823.918986
8270,0.376077217,4799.903381
8286,0.151011311,4427.791427
8289,0.054284964,4728.977617
8301,0.38951297,4507.539296
8305,0.172543744,5171.90536
8310,0.236452414,5331.702737
8312,0.031336415,5569.721171
8318,0.862124323,5083.829621
8321,0.283635951,4752.642167
8328,0.050867815,4619.199456
8331,0.030768606,4731.893724
8334,0.321743871,4052.803054
8344,0.174727659,5528.788458
8345,0.1412461,5535.027395
8352,0.213589872,4761.574167
8358,0.473526503,4814.647562
8359,0.285919171,3871.934449
8360,0.169939628,5041.586066
8365,0.269086824,5895.018344
8366,0.144631101,5053.922656
8369,0.82316101,4304.555509
8373,0.05038976,5170.771188
8378,0.132414376,5563.24431
8392,0.105073647,5769.158993
8397,0.479600499,4805.639415
8399,0.206088822,5092.649068
8400,0.09878646,4817.70083
8405,0.531155681,5542.139403
8406,0.048264409,4850.793045
8410,0.093784754,4801.930448
8413,0.063427667,5163.431482
8414,0.321218697,4942.104147
8416,0.750104587,4696.711488
8426,0.054859414,4214.241465
8434,0.283821441,5017.171827
8439,0.111642542,4745.151615
8440,0.230365312,3073.771537
8475,0.014642215,5347.220486
8480,0.204227569,4674.848322
8497,0.160192706,4599.381616
8499,0.663214179,5873.477469
8500,0.331968064,5070.718036
8501,0.051776356,5413.119754
8502,0.60970841,4389.865332
8518,0.468681884,4361.760222
8520,0.540231479,4679.328172
8523,0.392604008,5500.31427
8525,0.174922019,5503.966881
8532,0.094501383,5321.012978
8535,0.305708526,5264.750664
8543,0.224845476,3784.22587
8554,0.295502435,4528.332911
8560,0.092902055,4389.114066
8561,0.204227674,5235.621727
8563,0.02058055,5492.626199
8566,0.780404769,4788.968239
8570,0.319397426,5586.895354
8572,0.099181414,4315.010727
8582,0.208678549,4094.127213
8583,0.25776228,4787.053551
8587,0.2647608,4286.488108
8592,0.231172074,4926.17197
8593,0.42067248,4832.798908
8607,0.020254592,4472.392379
8609,0.192648853,5407.355546
8610,0.037499057,5474.079588
8614,0.246112019,4801.784488
8616,0.424998338,5638.392068
8622,0.218897967,4814.647562
8623,0.101224459,4798.203394
8624,0.21096915,5195.958156
8633,0.134135118,4739.42394
8641,0.317957258,5276.271264
8644,0.652457539,4901.182714
8649,0.586053171,5008.245451
8653,0.170380341,4654.141694
8657,0.140471767,5680.603188
8658,0.205563892,3073.771537
8663,0.087575264,5129.04889
8672,0.592288198,5215.767691
8680,0.457968061,4829.958429
8684,0.58105388,3476.183733
8687,0.100405053,4502.765136
8688,0.093324714,3073.771537
8690,0.116425092,4840.25758
8712,0.298363051,3611.27605
8717,0.239845294,5316.193643
8730,0.042843931,4764.373984
8739,0.148635696,5556.312205
8744,0.032833092,5047.401521
8747,0.327145038,4498.902924
8748,0.401742759,5313.078524
8751,0.801105837,4724.898422
8758,0.156406336,5386.557818
8761,0.330107627,4788.974304
8763,0.007427728,5201.712427
8764,0.413049445,5664.958433
8765,0.178930862,4849.795901
8773,0.112173001,4292.940476
8780,0.136958627,5035.14688
8781,0.154536906,4831.659731
8782,0.4028942,5488.131173
8785,0.084818863,5584.361348
8786,0.18361701,4857.242963
8797,0.842638922,5767.964214
8799,0.065417543,4973.861183
8807,0.731460162,4711.766737
8816,0.05190725,4912.290027
8817,0.082198047,3598.357815
8826,0.336658878,5488.800287
8833,0.27053759,4986.4808
8834,0.050582385,5428.372971
8835,0.081587899,5265.658136
8840,0.092863576,4804.052061
8843,0.100890882,4948.856119
8849,0.338742496,4537.36528
8855,0.121397128,5473.332826
8861,0.352306907,4959.559322
8862,0.246114735,3476.183733
8865,0.226394953,5428.434218
8868,0.011320824,5049.709456
8870,0.017926763,5425.662965
8880,0.270713301,4718.219589
8885,0.043149353,5230.448691
8894,0.186969053,6037.209551
8895,0.139672669,4720.660842
8899,0.038005543,4377.654719
8912,0.322804436,5383.65857
8922,0.021112128,4328.943861
8924,0.159632068,4812.480108
8928,0.274055555,4136.898068
8932,0.422314794,4594.530244
8943,0.101471142,5280.128992
8945,0.1254222,4244.640182
8946,0.044703411,4760.384005
8954,0.41628463,5560.8658
8958,0.512809351,4443.905836
8960,0.632984388,5212.268509
8965,0.28521294,5521.819332
8966,0.06028933,4175.308761
8967,0.057256476,5497.038332
8969,0.323369431,5027.887377
8980,0.187643549,4141.055897
8984,0.019481372,4281.617146
8985,0.678278958,4810.25435
8988,0.311662757,5449.717584
8989,0.362965756,5314.521977
8995,0.136560915,4799.270122
9004,0.079282665,5100.595659
9010,0.030742844,5179.134008
9012,0.159589423,5171.862234
9018,0.535861302,4654.665461
9036,0.330592768,3745.021853
9037,0.203830618,4615.475343
9040,0.113437831,5470.728943
9041,0.306561584,5330.976069
9044,0.41055132,6349.33076
9045,0.077868695,4886.831843
9047,0.357518557,4968.048123
9049,0.025943919,4549.315308
9061,0.019093495,4779.837446
9062,0.369472641,5420.993396
9076,0.217573314,5474.452696
9079,0.24333228,4398.784027
9081,0.235277603,5561.443954
9082,0.105262443,5433.672076
9089,0.568314686,4468.753104
9092,0.147485788,5333.302056
9094,0.278630209,5716.934173
9115,0.031218387,4488.451389
9117,0.428817746,4560.485118
9118,0.274308467,4806.823571
9120,0.039061126,5069.424914
9124,0.016562149,5705.991814
9128,0.202990349,5042.954191
9135,0.309158359,5176.308456
9136,0.745653795,5385.46492
9138,0.288739026,4724.288579
9157,0.379476557,5222.165664
9176,0.042465571,4877.716797
9183,0.236558519,5094.93596
9187,0.473880849,5263.597454
9188,0.446191001,4484.777603
9190,0.099019948,5015.950592
9197,0.030098566,4379.503113
9200,0.054689175,4218.811349
9201,0.166412325,4732.230419
9203,0.025351966,4535.520206
9212,0.431117712,4066.827499
9213,0.092839755,4848.297741
9214,0.120830319,5087.442567
9217,0.217439045,4561.051597
9219,0.006389691,4915.259555
9220,0.180156938,4773.248519
9221,0.131600371,5099.092589
9237,0.008469467,5145.498874
9240,0.085432445,5178.623192
9241,0.011285879,4785.285158
9248,0.213545774,4973.861183
9253,0.460610648,5220.937855
9259,0.518418833,5365.050679
9267,0.116834032,5568.56791
9271,0.355737207,5461.093357
9273,0.294491817,4321.013198
9285,0.029673332,5101.313997
9290,0.191037865,5720.852763
9291,0.099080976,5642.181141
9293,0.070430468,5634.495716
9294,0.054794801,5023.53321
9301,0.136947912,5344.666108
9302,0.047375836,5370.909989
9312,0.020066101,4758.482733
9316,0.264455105,4871.197187
9319,0.657513137,3668.02086
9328,0.061054258,5065.300052
9331,0.82642936,3137.717246
9338,0.029045134,4883.034806
9350,0.214204599,5756.596487
9356,0.089153652,5379.659036
9359,0.605763102,4493.468305
9362,0.460843298,5695.922235
9364,0.158335316,5000.431211
9370,0.464884774,4968.754411
9380,0.111967344,4094.127213
9386,0.116121171,5179.072862
9394,0.36880431,5269.367182
9407,0.401410007,4542.572562
9411,0.525048231,5760.795454
9422,0.335954029,5527.503646
9423,0.305914728,4432.11202
9429,0.290034497,4276.915977
9433,0.124236984,5028.863947
9439,0.040705659,5591.032572
9451,0.207083777,4166.407874
9452,0.42033059,5028.863947
9453,0.01672343,4144.544945
9460,0.015569957,4264.950554
9465,0.033461132,4611.643189
9470,0.053933024,4802.85664
9476,0.534946882,4736.271255
9485,0.620901181,4876.425546
9486,0.074316978,5122.905132
9488,0.290648913,4619.199456
9507,0.010805992,4910.205483
9508,0.456790723,6123.35865
9517,0.369209006,4241.259681
9521,0.138101245,5504.85245
9528,0.15035748,4935.642191
9532,0.434436433,5078.806056
9536,0.213159569,5813.268452
9540,0.091409962,5505.815691
9542,0.102046842,4698.595318
9546,0.265809349,5118.009097
9548,0.184575757,4934.255238
9549,0.107092324,4500.480449
9554,0.119772676,5433.232612
9555,0.409761952,4404.249427
9558,0.024787912,5657.36201
9573,0.7166258,4736.704446
9575,0.514308094,5405.075721
9584,0.703102144,5108.469285
9586,0.097431202,5389.779364
9588,0.109171399,5454.805465
9591,0.433989278,5777.203585
9592,0.747308725,5622.11717
9597,0.440474917,5190.680236
9600,0.115547053,4372.082562
9603,0.574542042,5312.04314
9605,0.357700379,4958.244943
9614,0.649592922,4968.697219
9616,0.019064898,4925.26853
9622,0.635946001,5019.585197
9624,0.17088527,4894.493715
9629,0.376620482,5894.071666
9633,0.055404716,5689.303165
9640,0.256465421,5422.79895
9644,0.475672465,4734.781452
9645,0.433299779,4273.856171
9646,0.099748628,5608.289196
9648,0.962090463,3987.749405
9649,0.038604463,5006.569612
9660,0.232855056,5305.016163
9664,0.447230093,5157.80739
9675,0.040229534,4878.1893
9679,0.668554264,4394.308829
9680,0.375382268,5373.499778
9682,0.05354859,3476.183733
9697,0.025110375,4777.647442
9701,0.172013937,5420.683457
9704,0.378469881,3946.688866
9705,0.174794685,6086.997378
9707,0.225676268,4834.431989
9714,0.059074944,4785.285158
9718,0.154178938,4980.197037
9722,0.105796206,4693.700073
9739,0.101777882,5498.58554
9747,0.574892015,4200.953391
9751,0.133604049,3601.209609
9757,0.159356224,5020.375663
9759,0.02245878,4509.099114
9760,0.078134355,4586.176306
9764,0.67261643,5677.555177
9776,0.393763354,5356.038933
9778,0.239171139,4942.464096
9786,0.068581049,5059.769337
9803,0.614182762,4864.813138
9804,0.117412832,4977.126091
9815,0.096646917,4571.485005
9824,0.015735087,5443.271967
9825,0.193303703,5140.204156
9826,0.270234317,5388.856894
9827,0.021017544,4754.265392
9833,0.07223676,4500.480449
9835,0.073918211,4816.659535
9860,0.498095746,5012.322584
9865,0.214062199,5172.559736
9871,0.212980881,5733.591165
9874,0.276667472,5138.372787
9880,0.256667884,5009.494045
9882,0.381299136,6221.439342
9885,0.053695804,4784.742131
9888,0.618438437,4504.772008
9892,0.039807836,5386.52859
9893,0.30686417,5579.861972
9896,0.226337716,5776.982616
9902,0.097100133,3073.771537
9906,0.171614909,4483.011432
9910,0.384092508,4261.222648
9914,0.385689198,3137.717246
9918,0.471280408,4379.041671
9920,0.272139719,4659.309033
9926,0.197878497,5346.873187
9931,0.069208807,4234.567786
9935,0.317390708,5644.929105
9945,0.891007916,4699.711536
9953,0.289977656,5626.503808
9957,0.009762982,5282.913764
9963,0.135320987,4932.018448
9972,0.216290489,4795.530041
9976,0.41893524,5762.022996
9979,0.38720195,5209.635676
9980,0.019335282,5035.364882
9982,0.088070959,5262.547573
9991,0.602360762,5321.979371
10000,0.214425444,5055.830095
10003,0.237531447,5263.597454
10005,0.905322219,4987.355141
10014,0.017460135,5064.166736
10032,0.364786924,4950.527099
10034,0.339703376,5720.997504
10041,0.015430151,5156.364004
10042,0.033321662,4261.991722
10044,0.05649915,4066.827499
10045,0.326921787,4577.612911
10054,0.612481488,5306.853697
10061,0.123958697,5781.738454
10062,0.556175273,4898.882647
10073,0.184810964,4623.08698
10081,0.03762863,5084.882472
10084,0.383621747,5359.340497
10086,0.151149326,5661.169659
10093,0.341096813,4855.768239
10101,0.695649218,5077.537361
10105,0.288811615,5625.314933
10110,0.456775061,5005.936428
10113,0.606989705,5789.081939
10115,0.533128027,4526.338354
10119,0.536800086,4702.492883
10121,0.460038679,4023.957716
10124,0.814681613,5080.385742
10126,0.233525163,5534.283454
10127,0.030896034,5965.656506
10145,0.147524485,4648.319578
10147,0.594788354,4756.57672
10148,0.014757949,5286.303174
10162,0.38371738,3844.164619
10163,0.026142391,5185.803122
10166,0.828989414,4878.87159
10172,0.079819956,4509.721749
10173,0.420814039,4841.959142
10175,0.029186749,4336.627266
10180,0.114056763,3073.771537
10186,0.037079331,5173.866809
10192,0.410882125,5140.334333
10199,0.316478646,5260.149059
10209,0.903438296,4663.634844
10210,0.164821292,4863.813548
10214,0.054942162,5089.374225
10215,0.25374436,5316.588204
10216,0.720268467,5452.178012
10232,0.315232873,5249.019086
10239,0.253544956,5178.623192
10249,0.039718424,5320.474162
10253,0.429299819,3393.500082
10255,0.12773833,5563.24431
10262,0.064478823,5563.24431
10264,0.040631972,4173.996639
10266,0.149846548,5321.326562
10268,0.217652362,5513.183058
10271,0.173097751,5394.711594
10272,0.293549723,4468.294188
10276,0.479468972,5684.893802
10277,0.025784579,5112.701592
10279,0.373035034,3265.608664
10281,0.026253366,5014.693029
10285,0.005915588,5094.824527
10294,0.324558243,5901.719441
10300,0.140027742,4771.039527
