"playerid","AAA.WAR","AAAprob","posit","eWAR.AAA","PlayerName","Level"
169539,12.0251274824105,0.582,"IF",6.99862419476291,"Rhys Hoskins","AAA"
209231,8.62234504298306,0.74,"3B",6.38053533180747,"Emmanuel Avila","AAA"
164019,10.6015380491092,0.56,"1B",5.93686130750114,"Mike Ford","AAA"
180621,9.75082261605716,0.598,"C",5.83099192440218,"Danny Jansen","AAA"
160738,11.1941295775112,0.434,"OF",4.85825223663986,"Steven Duggar","AAA"
211321,7.88544692625176,0.6,"OF",4.73126815575105,"Yordanys Linares","AAA"
151196,10.2374029419341,0.452,"OF",4.62730612975422,"Carlos Lopez","AAA"
181017,6.4571528948632,0.684,"OF",4.41669258008643,"Michael Hermosillo","AAA"
128086,7.13444787405032,0.59,"S",4.20932424568969,"Carlos Colmenares","AAA"
168211,8.22911280067469,0.484,"IF",3.98289059552655,"Matt Chapman","AAA"
170788,7.47693820184602,0.53,"1B",3.96277724697839,"Garrett Cooper","AAA"
170788,7.47693820184602,0.53,"1B",3.96277724697839,"Garrett Cooper","AAA"
171450,6.31899820348478,0.616,"OF",3.89250289334662,"Boog Powell","AAA"
171450,6.31899820348478,0.616,"OF",3.89250289334662,"Boog Powell","AAA"
180827,13.6666430497163,0.264,"1B",3.6079937651251,"Cody Bellinger","AAA"
180961,8.41532501064111,0.426,"1B",3.58492845453311,"Jake Bauers","AAA"
209276,5.4206521966296,0.652,"2B",3.5342652322025,"Isaac Rodriguez","AAA"
188365,17.4039036902127,0.2,"SS",3.48078073804254,"Luis Urias","AAA"
180638,12.319383241803,0.282,"2B",3.47406607418846,"Willie Calhoun","AAA"
180638,12.319383241803,0.282,"2B",3.47406607418846,"Willie Calhoun","AAA"
184817,15.4326155503072,0.218,"SS",3.36431018996698,"Erisbel Arruebarrena","AAA"
180759,6.85228560410101,0.49,"1B",3.3576199460095,"Rowdy Tellez","AAA"
211334,4.5897212829791,0.706,"2B",3.24034322578325,"Osniel Madera","AAA"
181508,5.05993422077735,0.628,"SS",3.17763869064818,"Johan Camargo","AAA"
182857,11.4901362629546,0.272,"3B",3.12531706352366,"Lucas Erceg","AAA"
48168,6.39967744224259,0.488,"OF",3.12304259181438,"Cyle Hankerd","AAA"
164273,12.1407715875212,0.256,"OF",3.10803752640543,"Zack Granite","AAA"
188449,11.599605803488,0.26,"3B",3.01589750890688,"Rafael Devers","AAA"
135603,7.88312729962651,0.374,"1B",2.94828961006032,"Reynaldo Rodriguez","AAA"
200222,8.96843684587123,0.326,"2B",2.92371041175402,"Josh Rojas","AAA"
164300,5.16065246626065,0.566,"OF",2.92092929590353,"Jordan Patterson","AAA"
170994,8.79970461861263,0.33,"RF-OF",2.90390252414217,"Dylan Cozens","AAA"
171715,4.79030842227158,0.604,"SS-2B",2.89334628705204,"Ramon Torres","AAA"
171217,10.7732594228139,0.268,"OF",2.88723352531414,"David Dahl","AAA"
128137,7.57559135889719,0.38,"OF",2.87872471638093,"Welington Dotel","AAA"
188383,9.96247130458912,0.284,"SS",2.82934185050331,"Ozzie Albies","AAA"
165089,16.4381516798061,0.172,"C",2.82736208892666,"Michael Perez","AAA"
164405,6.29203178084776,0.444,"3B",2.79366211069641,"Hunter Dozier","AAA"
200103,4.35293752380375,0.64,"1B",2.7858800152344,"Byung-Ho Park","AAA"
163282,6.39292347682057,0.43,"OF",2.74895709503285,"Adam Engel","AAA"
156520,5.82378070726024,0.462,"2B",2.69058668675423,"Ryan Brett","AAA"
142529,12.5556567683162,0.214,"3B",2.68691054841967,"Jose Vargas","AAA"
157848,5.16560393790714,0.512,"C",2.64478921620846,"Kyle Farmer","AAA"
209706,5.26482467938235,0.5,"3B",2.63241233969118,"Ricky Rodriguez","AAA"
174982,16.9665585544345,0.15,"OF",2.54498378316518,"Eric Filia","AAA"
170184,9.85295129184297,0.254,"OF",2.50264962812811,"Nick Torres","AAA"
168012,8.41476139009215,0.29,"OF",2.44028080312672,"Jordan Luplow","AAA"
169073,6.31072297059016,0.384,"C",2.42331762070662,"Mark Zagunis","AAA"
168212,11.6484487170785,0.206,"3B",2.39958043571818,"J.D. Davis","AAA"
209796,4.56636063963798,0.524,"3B",2.3927729751703,"Jae-Gyun Hwang","AAA"
160970,6.05510023323196,0.39,"OF",2.36148909096046,"Slade Heathcott","AAA"
180803,11.3500050155803,0.208,"OF",2.3608010432407,"Austin Meadows","AAA"
171547,8.34175701512473,0.282,"3B",2.35237547826517,"Miguel Andujar","AAA"
171964,4.969817650876,0.468,"3B",2.32587466060997,"Nicky Delmonico","AAA"
180883,8.01876710600343,0.29,"1B",2.32544246074099,"Dominic Smith","AAA"
124379,8.22050388840358,0.282,"OF",2.31818209652981,"Blake Gailen","AAA"
187806,10.3558930006749,0.22,"OF",2.27829646014847,"Alex Verdugo","AAA"
188265,17.392980848012,0.13,"SS",2.26108751024156,"Josciel Veras","AAA"
173395,10.4391464967663,0.214,"OF",2.23397735030799,"Ian Happ","AAA"
181161,7.74036545902321,0.284,"OF",2.19826379036259,"Dustin Fowler","AAA"
171058,8.98159700204867,0.244,"OF",2.19150966849988,"Lewis Brinson","AAA"
197916,9.3174899123276,0.232,"OF",2.16165765966,"Ronald Acuna","AAA"
174571,9.37391856379594,0.23,"C",2.15600126967307,"Paul DeJong","AAA"
181698,9.60100852176704,0.224,"SS",2.15062590887582,"Franklin Barreto","AAA"
52430,3.15067653051504,0.68,"SS",2.14246004075023,"Jose Rodriguez","AAA"
181028,9.52875861810431,0.22,"OF",2.09632689598295,"Billy McKinney","AAA"
184209,9.98820776409534,0.208,"SS",2.07754721493183,"Willy Adames","AAA"
148027,4.97200405811658,0.414,"3B",2.05840968006026,"Brian Hernandez","AAA"
165165,7.51988826029966,0.27,"OF",2.03036983028091,"Jake Cave","AAA"
156441,4.65880842250476,0.432,"OF",2.01260523852205,"Jaycob Brugman","AAA"
172439,3.11219059008356,0.646,"3B-2B",2.01047512119398,"Sergio Gastelum","AAA"
101394,5.35514686722558,0.374,"3B",2.00282492834237,"Daniel Mayora","AAA"
185256,6.24792030747261,0.32,"SS",1.99933449839123,"Yandy Diaz","AAA"
148461,6.61578528226231,0.296,"1B",1.95827244354964,"David Washington","AAA"
165634,13.0833519716413,0.148,"SS",1.93633609180291,"Zach Houchins","AAA"
180784,9.01352267443838,0.214,"OF",1.92889385232981,"Tyler O'Neill","AAA"
180784,9.01352267443838,0.214,"OF",1.92889385232981,"Tyler O'Neill","AAA"
158349,4.71727384265251,0.408,"1B-3B",1.92464772780222,"Matt Juengel","AAA"
165140,6.06507621939801,0.316,"OF",1.91656408532977,"Dwight Smith","AAA"
165335,13.626144657781,0.136,"C",1.85315567345821,"Eric Haase","AAA"
122624,8.63306453141624,0.214,"OF",1.84747580972308,"Jeremy Barfield","AAA"
180902,8.82740430290417,0.208,"SS",1.83610009500407,"J.P. Crawford","AAA"
172423,3.67177034540463,0.492,"OF",1.80651100993908,"Luis Fonseca","AAA"
162011,4.02208836382434,0.444,"SS-2B",1.78580723353801,"Ronny Rodriguez","AAA"
180926,8.83275827707975,0.202,"OF",1.78421717197011,"Clint Frazier","AAA"
184910,11.0850309053577,0.16,"IF",1.77360494485724,"Jose Miguel Fernandez","AAA"
163194,8.36300755925371,0.212,"OF",1.77295760256179,"Ryan Cordell","AAA"
170259,10.0584709397562,0.174,"OF",1.75017394351757,"Drew Ferguson","AAA"
165557,8.10104954507674,0.216,"SS",1.74982670173657,"Brian Anderson","AAA"
163225,9.69545401701832,0.18,"2B",1.7451817230633,"Jeff McNeil","AAA"
171010,9.98081620233604,0.174,"OF",1.73666201920647,"Anthony Alford","AAA"
196958,9.304877378454,0.186,"OF",1.73070719239244,"Yadir Drake","AAA"
165527,5.0435618490661,0.34,"C",1.71481102868247,"Cam Gallagher","AAA"
197311,7.6186518135653,0.224,"OF",1.70657800623863,"Dayron Varona","AAA"
171147,7.43440050440686,0.228,"OF",1.69504331500476,"Jesse Winker","AAA"
141608,6.90945202169731,0.244,"1B",1.68590629329414,"Balbino Fuenmayor","AAA"
180976,7.11051107836075,0.236,"3B",1.67808061449314,"Ryan McMahon","AAA"
181080,7.8836279666591,0.212,"C",1.67132912893173,"Chance Sisco","AAA"
52287,3.05283969787094,0.544,"OF",1.66074479564179,"Hector Garanzuay","AAA"
142882,10.0769283139048,0.164,"C",1.65261624348038,"Kyle Higashioka","AAA"
142821,3.06798481315916,0.538,"OF",1.65057582947963,"Xavier Avery","AAA"
188330,10.3002855636603,0.16,"2B",1.64804569018564,"Gianfranco Wawoe","AAA"
158760,4.85072826384171,0.336,"1B-3B",1.62984469665082,"Seth Mejias-Brean","AAA"
158760,4.85072826384171,0.336,"1B-3B",1.62984469665082,"Seth Mejias-Brean","AAA"
147902,5.15630144729401,0.316,"OF",1.62939125734491,"Michael Yastrzemski","AAA"
156069,3.04035182634023,0.534,"IF",1.62354787526568,"Ricardo Serrano","AAA"
181011,11.9278132598555,0.136,"C",1.62218260334035,"Ryan Scott","AAA"
165158,5.54065224050541,0.292,"SS",1.61787045422758,"Roman Quinn","AAA"
157897,5.61224440861155,0.288,"SS",1.61632638968013,"Nolan Fontana","AAA"
6076,4.91553408696228,0.328,"C",1.61229518052363,"Sandy Madera","AAA"
171844,7.80700415485027,0.206,"1B",1.60824285589915,"Ronald Guzman","AAA"
165713,4.27408567628859,0.376,"OF",1.60705621428451,"Ruben Sosa","AAA"
181499,9.56451100570347,0.168,"SS",1.60683784895818,"Franchy Cordero","AAA"
163148,8.08420687822225,0.198,"3B",1.60067296188801,"J.T. Riddle","AAA"
171043,12.3774103132107,0.128,"OF",1.58430852009097,"B.J. Boyd","AAA"
148354,9.8973606219217,0.16,"OF",1.58357769950747,"Kelly Dugan","AAA"
170857,10.8387568851778,0.144,"C",1.5607809914656,"Brant Whiting","AAA"
175465,6.04444776123665,0.258,"3B",1.55946752239906,"Victor Caratini","AAA"
171751,13.4123697643045,0.116,"C",1.55583489265933,"Eduardo de Oleo","AAA"
181512,9.86105172841035,0.156,"SS",1.53832406963201,"Amed Rosario","AAA"
148134,5.66142126100261,0.268,"C",1.5172608979487,"Luke Voit","AAA"
165565,8.24674603515681,0.182,"OF",1.50090777839854,"Mike Papi","AAA"
148497,5.46392910220763,0.274,"OF",1.49711657400489,"Todd Glaesmann","AAA"
159524,5.17042993533936,0.286,"OF",1.47874296150706,"Mike Tauchman","AAA"
142903,3.74758830486308,0.39,"2B",1.4615594388966,"Corban Joseph","AAA"
49865,3.18289962515676,0.452,"3B",1.43867063057086,"Josh Rodriguez","AAA"
188430,8.98978375643084,0.16,"SS",1.43836540102893,"Gleyber Torres","AAA"
135599,3.04528752960533,0.47,"3B",1.43128513891451,"Carlos Rivero","AAA"
172652,3.05592073164185,0.468,"2B",1.43017090240839,"Carlos Valencia","AAA"
181530,8.82018815902385,0.162,"OF",1.42887048176186,"Jose Cardona","AAA"
158148,6.16633817709984,0.228,"1B",1.40592510437876,"Danny Hayes","AAA"
170959,7.63321931982894,0.184,"SS",1.40451235484852,"Daniel Robertson","AAA"
168254,5.65805630244032,0.248,"IF",1.4031979630052,"Jake Peter","AAA"
180836,8.44429835243001,0.166,"SS",1.40175352650338,"Christian Arroyo","AAA"
156740,8.13524697299002,0.172,"OF",1.39926247935428,"Mark Payton","AAA"
165250,5.251303354482,0.264,"SS",1.38634408558325,"Austin Slater","AAA"
160845,5.03015217316883,0.274,"RF-OF",1.37826169544826,"Jorge Bonifacio","AAA"
149698,9.04986448739704,0.152,"C",1.37557940208435,"Nick Rickles","AAA"
149698,9.04986448739704,0.152,"C",1.37557940208435,"Nick Rickles","AAA"
156623,11.0897906770378,0.124,"OF",1.37513404395268,"Mike Gerber","AAA"
170939,6.85608981230691,0.2,"OF",1.37121796246138,"Brett Phillips","AAA"
165318,6.96275345696396,0.196,"OF",1.36469967756494,"Derek Fisher","AAA"
151625,9.21949569967435,0.148,"1B",1.3644853635518,"Cameron Seitzer","AAA"
165237,7.04641135038596,0.192,"CF",1.3529109792741,"Bradley Zimmer","AAA"
174948,7.21571346117751,0.186,"IF",1.34212270377902,"Kevin Newman","AAA"
128518,3.69441114709023,0.36,"2B-SS",1.32998801295248,"Amadeo Zazueta","AAA"
148321,4.29882051098944,0.304,"OF",1.30684143534079,"Andrew Aplin","AAA"
148321,4.29882051098944,0.304,"OF",1.30684143534079,"Andrew Aplin","AAA"
151872,6.94819564942104,0.188,"3B",1.30626078209116,"Sherman Johnson","AAA"
164174,5.55586396411336,0.234,"OF",1.30007216760253,"Phil Ervin","AAA"
142866,3.97875492554422,0.326,"C",1.29707410572741,"A.J. Jimenez","AAA"
181149,5.12013876548973,0.25,"2B",1.28003469137243,"Kean Wong","AAA"
156517,5.65389202832629,0.226,"1B",1.27777959840174,"Rangel Ravelo","AAA"
158200,8.40410594118906,0.15,"OF",1.26061589117836,"Chad Hinshaw","AAA"
165617,3.64249542339905,0.344,"OF",1.25301842564927,"Travis Taijeron","AAA"
144305,4.99524515376905,0.248,"OF",1.23882079813472,"Jason Krizan","AAA"
128057,5.72841056252845,0.216,"1B",1.23733668150615,"Barbaro Canizares","AAA"
181000,6.41694281788254,0.192,"SS",1.23205302103345,"Tyler Wade","AAA"
171643,7.15464255896034,0.172,"SS",1.23059852014118,"Jose Rondon","AAA"
156715,5.14013086561226,0.238,"3B",1.22335114601572,"Drew Robinson","AAA"
211353,14.3508993396511,0.084,"OF",1.20547554453069,"Julian Ornelas","AAA"
171393,8.94994937588839,0.134,"OF",1.19929321636904,"Ethan Chapman","AAA"
2658,3.03401586623986,0.392,"3B",1.18933421956602,"Abel Martinez","AAA"
150891,5.59178737201764,0.21,"2B",1.1742753481237,"Nathan Orf","AAA"
156497,6.22837311097662,0.188,"1B",1.17093414486361,"Daniel Palka","AAA"
172327,3.09727456275308,0.376,"2B-3B",1.16457523559516,"Jose Amador","AAA"
181915,15.735256464962,0.074,"C",1.16440897840719,"Chadwick Tromp","AAA"
143616,3.40434082346808,0.342,"OF",1.16428456162608,"Leandro Castro","AAA"
185196,5.14919993236959,0.226,"IF",1.16371918471553,"David Fletcher","AAA"
101279,3.38258283338344,0.344,"C",1.1636084946839,"Gabriel Gutierrez","AAA"
174941,5.28674893775354,0.22,"IF-OF",1.16308476630578,"Scott Kingery","AAA"
158103,5.29952252482031,0.214,"3B-OF",1.13409782031155,"Todd Hankins","AAA"
209251,5.29245766719928,0.214,"2B",1.13258594078065,"Alay Lago","AAA"
170970,8.84008019308904,0.128,"OF",1.1315302647154,"Jacob Scavuzzo","AAA"
181660,8.42647336129627,0.134,"OF",1.1291474304137,"Rafael Bautista","AAA"
166109,6.93889998104026,0.162,"1B",1.12410179692852,"Jose Osuna","AAA"
180670,4.85004939083763,0.23,"OF",1.11551135989265,"Jon Kemmer","AAA"
143539,7.54777847130208,0.146,"C",1.1019756568101,"Carlos Paulino","AAA"
143539,7.54777847130208,0.146,"C",1.1019756568101,"Carlos Paulino","AAA"
165922,4.99004402543946,0.22,"SS",1.09780968559668,"Ali Castillo","AAA"
170949,5.2047145643706,0.21,"1B",1.09299005851783,"Chris Shaw","AAA"
167997,5.03067678082861,0.216,"1B",1.08662618465898,"Casey Gillaspie","AAA"
167997,5.03067678082861,0.216,"1B",1.08662618465898,"Casey Gillaspie","AAA"
172585,3.0397469712082,0.356,"2B",1.08214992175012,"Ramon Rios","AAA"
180977,13.1037032140087,0.082,"C",1.07450366354871,"Jeremy Martinez","AAA"
162119,4.96862363046243,0.216,"OF",1.07322270417988,"Johnny Field","AAA"
165735,5.97953218031142,0.178,"SS",1.06435672809543,"Juan Perez","AAA"
157958,5.52073468401301,0.19,"C",1.04893958996247,"Mitch Garver","AAA"
5343,3.07168253967711,0.34,"C",1.04437206349022,"Iker Franco","AAA"
168946,6.36717011603249,0.164,"1B",1.04421589902933,"Ryan O'Hearn","AAA"
176789,7.142375436288,0.146,"OF",1.04278681369805,"Edwin Rios","AAA"
165547,4.83887402467449,0.214,"2B",1.03551904128034,"Chris Bostick","AAA"
158725,13.8776437030721,0.074,"C",1.02694563402734,"Stephen McGee","AAA"
152905,7.87368576044803,0.13,"3B",1.02357914885824,"Jairo Perez","AAA"
149552,5.87187375173216,0.174,"OF",1.0217060328014,"Nick Martini","AAA"
156982,3.849747418481,0.262,"OF",1.00863382364202,"Mel Rojas","AAA"
180662,5.7941794007253,0.174,"SS",1.0081872157262,"Mauricio Dubon","AAA"
160823,4.58047486258545,0.22,"OF-1B",1.0077044697688,"Leslie Anderson","AAA"
143958,11.3594511499231,0.088,"2B-SS",0.999631701193237,"Junior Arrojo","AAA"
161023,12.6716215744027,0.078,"OF",0.98838648280341,"Teodoro Martinez","AAA"
161000,4.28798435966427,0.23,"OF",0.986236402722782,"J.C. Linares","AAA"
20424,3.47768033512805,0.282,"OF",0.980705854506111,"Frank Diaz","AAA"
172333,3.03347595207147,0.32,"OF",0.97071230466287,"Ivan Araujo","AAA"
161223,5.91204036385561,0.164,"SS",0.96957461967232,"Ildemaro Vargas","AAA"
161161,3.69910819698304,0.262,"1B",0.969166347609555,"Jose Ruiz","AAA"
209553,5.10043079291364,0.19,"OF",0.969081850653591,"Jose Garcia","AAA"
211337,15.6169134375963,0.062,"OF",0.968248633130972,"Rolando Martinez","AAA"
143099,7.443060101559,0.13,"1B",0.96759781320267,"Art Charles","AAA"
143099,7.443060101559,0.13,"1B",0.96759781320267,"Art Charles","AAA"
141834,7.91307835431015,0.122,"RF",0.965395559225838,"Rainel Rosario","AAA"
181156,6.48542733209587,0.148,"3B",0.959843245150189,"Ryder Jones","AAA"
167703,3.5012263221893,0.274,"2B",0.959336012279868,"Jesus Alberto Arredondo","AAA"
170913,5.32747405676014,0.18,"OF",0.958945330216826,"Nick Williams","AAA"
2973,4.3111233262166,0.222,"1B",0.957069378420086,"Saul Soto","AAA"
209245,6.34648632382289,0.15,"OF",0.951972948573434,"Leo German","AAA"
163907,10.4609047700588,0.09,"IF",0.941481429305291,"T.J. Bennett","AAA"
143601,4.46892865522808,0.21,"OF",0.938475017597896,"Cesar Puello","AAA"
143601,4.46892865522808,0.21,"OF",0.938475017597896,"Cesar Puello","AAA"
148460,5.40716111656604,0.172,"OF",0.930031712049359,"Anthony Garcia","AAA"
162343,6.02137351277834,0.154,"C",0.927291520967864,"Cael Brockmeyer","AAA"
172318,3.05644553441242,0.302,"OF",0.923046551392551,"Jose Aguilar","AAA"
166127,8.03765799040634,0.114,"OF",0.916293010906323,"Jeremias Pineda","AAA"
166127,8.03765799040634,0.114,"OF",0.916293010906323,"Jeremias Pineda","AAA"
156811,4.84736580192445,0.188,"OF",0.911304770761797,"Noel Cuevas","AAA"
186921,12.2498979711774,0.074,"OF-IF",0.906492449867129,"Connor Marabell","AAA"
148191,5.90252068192202,0.152,"2B",0.897183143652147,"Tony Renda","AAA"
148191,5.90252068192202,0.152,"2B",0.897183143652147,"Tony Renda","AAA"
166195,8.79120567680756,0.102,"OF",0.896702979034371,"Aneury Tavarez","AAA"
181484,5.53467282347313,0.162,"2B",0.896616997402648,"Rando Moreno","AAA"
166244,3.85405690498095,0.232,"OF-3B",0.89414120195558,"Ronnier Mustelier","AAA"
180812,5.9242204163403,0.15,"2B",0.888633062451044,"Tim Locastro","AAA"
168215,9.42023216958322,0.094,"C",0.885501823940823,"Jesse Jenner","AAA"
192567,8.47727750160659,0.104,"OF",0.881636860167086,"Jesus Fabela","AAA"
169837,5.17782043370224,0.17,"C",0.880229473729382,"Parker Morin","AAA"
172486,4.71756339132681,0.186,"2B",0.877466790786786,"Antonio Lamas","AAA"
164915,8.19665447563078,0.106,"OF",0.868845374416863,"Ian Miller","AAA"
156321,4.47794768204893,0.194,"SS",0.868721850317492,"Jack Reinheimer","AAA"
162428,6.3688856422679,0.136,"OF",0.866168447348435,"Logan Moon","AAA"
162879,6.36573806681298,0.136,"OF",0.865740377086566,"Kyle Wren","AAA"
157239,5.40766041431076,0.16,"OF",0.865225666289722,"Preston Beck","AAA"
161231,4.76043466103258,0.18,"3B",0.856878238985864,"Christian Villanueva","AAA"
176684,7.92605092025238,0.108,"OF",0.856013499387257,"Harrison Bader","AAA"
129421,11.5127510787104,0.074,"OF",0.851943579824566,"Leon Landry","AAA"
164386,4.77621573331316,0.178,"C-1B",0.850166400529742,"Frank Schwindel","AAA"
172443,3.05027295253984,0.276,"OF",0.841875334900995,"Alejandro Gonzalez","AAA"
143255,7.05702628386489,0.118,"OF",0.832729101496057,"Garabez Rosa","AAA"
141803,11.8351104679735,0.07,"OF",0.828457732758145,"Quincy Latimore","AAA"
141803,11.8351104679735,0.07,"OF",0.828457732758145,"Quincy Latimore","AAA"
141803,11.8351104679735,0.07,"OF",0.828457732758145,"Quincy Latimore","AAA"
57669,6.12560424821829,0.134,"SS",0.820830969261251,"Jaime Pedroza","AAA"
46289,4.05007119583932,0.202,"2B",0.818114381559542,"Maxwell Leon","AAA"
163635,4.58679600587979,0.176,"3B",0.807276097034842,"D.J. Peterson","AAA"
163635,4.58679600587979,0.176,"3B",0.807276097034842,"D.J. Peterson","AAA"
160929,5.84609962018271,0.138,"3B",0.806761747585213,"Carlos Franco","AAA"
165233,5.15837370167773,0.156,"3B",0.804706297461726,"Sam Travis","AAA"
172691,3.04150598600125,0.264,"OF",0.80295758030433,"Christian Zazueta","AAA"
172635,3.04575169376394,0.262,"OF",0.797986943766152,"Luis Suarez","AAA"
49861,6.1342920422553,0.13,"C",0.79745796549319,"Eddy Rodriguez","AAA"
169910,11.350539105802,0.07,"OF",0.794537737406139,"Forrestt Allday","AAA"
4248,3.14157917241378,0.252,"1B",0.791677951448272,"Luis Garcia","AAA"
192570,6.26926248478293,0.124,"OF",0.777388548113083,"Ivan Gamero","AAA"
172594,4.79302493265823,0.162,"C",0.776470039090634,"Arturo Rodriguez","AAA"
159666,5.45387273845533,0.142,"RF-OF",0.774449928860656,"Adam Walker","AAA"
159666,5.45387273845533,0.142,"RF-OF",0.774449928860656,"Adam Walker","AAA"
159666,5.45387273845533,0.142,"RF-OF",0.774449928860656,"Adam Walker","AAA"
128404,3.74179951079622,0.206,"3B",0.770810699224022,"Deibinson Romero","AAA"
147797,3.07236325897223,0.25,"1B",0.768090814743056,"Jorge Vazquez","AAA"
152929,9.5693324687396,0.08,"C",0.765546597499168,"Francisco Diaz","AAA"
4342,3.181071814428,0.24,"C",0.763457235462721,"Jon Aceves","AAA"
171932,11.2188809131077,0.068,"RF",0.762883902091322,"Gabby Guerrero","AAA"
165191,5.58913163073546,0.136,"SS",0.760121901780022,"Phillip Evans","AAA"
168765,10.8270864673994,0.07,"OF",0.757896052717958,"Devyn Bolasky","AAA"
165221,5.7090243082478,0.132,"2B",0.75359120868871,"Christian Lopes","AAA"
129274,7.24069893829369,0.104,"3B-1B",0.753032689582544,"Michael Wing","AAA"
172351,3.12569295264338,0.24,"2B-SS",0.750166308634412,"Jaime Brena","AAA"
151640,4.59601618198177,0.162,"1B",0.744554621481047,"Matt Skole","AAA"
156908,5.24142345138673,0.142,"C",0.744282130096916,"David Freitas","AAA"
180788,5.44376517213825,0.136,"3B",0.740352063410802,"Dustin Peterson","AAA"
171702,4.38758049666572,0.168,"SS",0.73711352343984,"Luis Marte","AAA"
166205,6.33063140278531,0.116,"OF-2B",0.734353242723096,"Breyvic Valera","AAA"
156526,5.02031762478883,0.146,"SS",0.732966373219169,"Cito Culver","AAA"
158164,5.39049490966161,0.134,"C",0.722326317894655,"Tyler Heineman","AAA"
184634,8.18887733001139,0.088,"IF",0.720621205041002,"Grant Kay","AAA"
171525,10.5844203627676,0.068,"OF",0.719740584668198,"Jiandido Tromp","AAA"
209992,8.56830845179532,0.084,"SS",0.719737909950807,"Kevin Santa","AAA"
171046,6.05005999156083,0.118,"2B",0.713907079004178,"Andrew Pullin","AAA"
165804,5.92711904470846,0.12,"3B",0.711254285365015,"Eric Wood","AAA"
37447,4.17529242858199,0.17,"1B-2B",0.709799712858938,"Travis Denker","AAA"
142990,5.31010190198166,0.132,"C",0.700933451061579,"Carson Blair","AAA"
172463,3.15709486904648,0.222,"OF",0.700875060928318,"Leonardo Heras","AAA"
165249,6.99560693588858,0.1,"OF",0.699560693588858,"Granden Goetzman","AAA"
171711,5.53857449193665,0.126,"1B-2B",0.697860385984018,"Diego Goris","AAA"
198870,17.4384305222581,0.04,"SS",0.697537220890324,"Joseph Rosa","AAA"
161043,4.61858306243367,0.15,"SS-2B",0.69278745936505,"Heiker Meneses","AAA"
172507,3.19127943494508,0.216,"IF",0.689316357948136,"Diego Madero","AAA"
198124,6.26459404704662,0.11,"OF",0.689105345175128,"Asael Sanchez","AAA"
171521,5.29769464812303,0.13,"C",0.688700304255994,"Willians Astudillo","AAA"
142923,3.17048758327925,0.214,"OF",0.67848434282176,"Danny Ortiz","AAA"
172637,3.68084223533325,0.184,"C",0.677274971301318,"Cesar Tapia","AAA"
163224,4.63765060482937,0.146,"C",0.677096988305087,"Mike Marjama","AAA"
163224,4.63765060482937,0.146,"C",0.677096988305087,"Mike Marjama","AAA"
203788,11.2781327852167,0.06,"OF",0.676687967113001,"Osmel Aguila","AAA"
156952,6.13513513810198,0.11,"C",0.674864865191218,"Ryan Casteel","AAA"
192562,7.40866234644724,0.09,"C",0.666779611180251,"Eduardo Dehesa","AAA"
165566,6.16494685773082,0.108,"1B",0.665814260634929,"Patrick Leonard","AAA"
142877,5.93330350396017,0.112,"3B-2B",0.664529992443539,"Niko Vasquez","AAA"
161160,7.89634298430682,0.084,"SS",0.663292810681773,"Jose Rosario","AAA"
171424,10.9071093504364,0.06,"2B-3B",0.654426561026185,"David Bote","AAA"
51075,3.26459130690986,0.2,"C",0.652918261381972,"Ivan Terrazas","AAA"
165416,4.45275476492493,0.146,"SS",0.65010219567904,"Jake Hager","AAA"
174604,17.1044243346538,0.038,"C",0.649968124716846,"Matt Jones","AAA"
168019,13.2757601069283,0.048,"C",0.637236485132558,"Danny Bethea","AAA"
128964,3.28081393809626,0.194,"3B-2B",0.636477903990674,"Rey Navarro","AAA"
151270,4.07892940165308,0.156,"3B",0.63631298665788,"Kyle Kubitza","AAA"
3595,3.64041927645422,0.174,"C",0.633432954103035,"Daniel Butler","AAA"
156562,4.79178651369484,0.132,"OF",0.63251581980772,"Jacob May","AAA"
159804,4.37690992901423,0.144,"2B",0.63027502977805,"Alex Yarbrough","AAA"
209805,10.0993012272823,0.062,"SS",0.626156676091505,"Luis Valdes","AAA"
142668,4.27178751936277,0.146,"OF",0.623680977826965,"Justin Greene","AAA"
148080,3.57485004131077,0.174,"SS",0.622023907188074,"Darnell Sweeney","AAA"
148080,3.57485004131077,0.174,"SS",0.622023907188074,"Darnell Sweeney","AAA"
172382,3.00276577733095,0.206,"1B",0.618569750130176,"Refugio Cervantes","AAA"
142998,3.59291884216543,0.17,"OF",0.610796203168123,"Isaac Galloway","AAA"
172338,3.07660488697023,0.198,"OF",0.609167767620105,"Eduardo Arredondo","AAA"
181851,5.06858638571613,0.12,"SS",0.608230366285936,"Yairo Munoz","AAA"
45535,3.13305448442621,0.194,"3B",0.607812569978685,"Agustin Murillo","AAA"
170128,10.0890797423965,0.06,"C",0.605344784543791,"Matt Winn","AAA"
183337,11.6292573359451,0.052,"IF",0.604721381469146,"Logan Taylor","AAA"
101054,3.9779500165587,0.152,"C",0.604648402516923,"Juan Apodaca","AAA"
166190,5.09260456492902,0.118,"C",0.600927338661624,"Norberto Susini","AAA"
143842,5.26652529394668,0.114,"IF",0.600383883509922,"Juan Martinez","AAA"
122454,3.05334497385244,0.196,"3B",0.598455614875078,"Heber Gomez","AAA"
1519,3.22217935491497,0.184,"OF",0.592881001304355,"Mario Valenzuela","AAA"
185070,10.4915159578248,0.056,"OF",0.587524893638189,"Austin Grebeck","AAA"
129106,4.94067741374024,0.118,"SS",0.582999934821348,"Elliot Soto","AAA"
129296,3.06445145422566,0.19,"1B",0.582245776302875,"Matt Clark","AAA"
165583,16.1547123525966,0.036,"2B",0.581569644693476,"Daniel Lockhart","AAA"
165695,3.5442603190669,0.164,"1B",0.581258692326972,"O'Koyea Dickson","AAA"
142960,6.23044594228519,0.092,"C",0.573201026690237,"Taylor Davis","AAA"
122773,3.08139350644839,0.186,"SS",0.573139192199401,"Jonathan Del Campo","AAA"
165736,6.64382926948907,0.086,"2B",0.57136931717606,"Yhoxian Medina","AAA"
147814,5.00901599688905,0.114,"OF",0.571027823645352,"Beau Amaral","AAA"
20873,3.05337643525112,0.186,"C",0.567928016956709,"Adan Munoz","AAA"
181629,7.6662757286325,0.074,"SS",0.567304403918805,"Engelb Vielma","AAA"
165981,4.55446548398061,0.124,"OF",0.564753720013596,"Willy Garcia","AAA"
159776,5.12620442857332,0.11,"3B",0.563882487143065,"Patrick Wisdom","AAA"
161300,6.40082388284279,0.088,"OF",0.563272501690166,"Steve Carrillo","AAA"
171867,6.54295642772846,0.086,"OF",0.562694252784647,"Carlos Tocci","AAA"
158698,7.00930346020595,0.08,"2B",0.560744276816476,"L.J. Mazzilli","AAA"
124615,3.9801185520674,0.14,"C",0.557216597289435,"Luis Flores","AAA"
24931,3.85954594192215,0.144,"OF",0.555774615636789,"Ryan Strausborger","AAA"
46112,11.5732580056051,0.048,"SS-3B",0.555516384269044,"Vladimir Frias","AAA"
159414,5.32458777501544,0.104,"SS",0.553757128601605,"Tyler Smith","AAA"
159414,5.32458777501544,0.104,"SS",0.553757128601605,"Tyler Smith","AAA"
157192,8.56719631156677,0.064,"OF",0.548300563940273,"Isaac Ballou","AAA"
171722,10.5253796146764,0.052,"C",0.547319739963172,"Adrian Gutierrez","AAA"
172375,3.03462072137189,0.18,"SS",0.54623172984694,"Domingo Castro","AAA"
162116,5.05311146796778,0.108,"3B",0.54573603854052,"Brandon Dixon","AAA"
209236,13.5450692800321,0.04,"C",0.541802771201284,"Jibran Castro","AAA"
188435,7.68328653987488,0.07,"SS",0.537830057791242,"Eddy Alvarez","AAA"
152744,5.1092383168813,0.104,"LF",0.531360784955656,"Rogelios Noris","AAA"
144357,6.63649318643231,0.08,"1B-3B",0.530919454914585,"Ryan Court","AAA"
6255,3.84448874431985,0.138,"2B",0.53053944671614,"Gilberto Mejia","AAA"
172452,3.04150598600125,0.172,"OF",0.523139029592215,"Santiago Gonzalez","AAA"
172328,5.11613417571577,0.102,"3B",0.521845685923009,"Rodolfo Amador","AAA"
161104,3.05331640217136,0.17,"OF",0.519063788369131,"Felix Perez","AAA"
54154,4.65389641592126,0.11,"OF",0.511928605751338,"Ryan Lollis","AAA"
183857,11.0797442310881,0.046,"SS",0.509668234630052,"Juremi Profar","AAA"
156600,6.53165510733412,0.078,"OF",0.509469098372061,"Matt Lipka","AAA"
161049,6.3587715558909,0.08,"C",0.508701724471272,"Alex Monsalve","AAA"
147954,5.06099226874088,0.1,"SS",0.506099226874088,"Peter Mooney","AAA"
143532,12.6130477111795,0.04,"C",0.504521908447182,"Jose Gonzalez","AAA"
21089,3.09017054049974,0.162,"3B",0.500607627560958,"Francisco Salas","AAA"
129595,9.98632087201054,0.05,"OF",0.499316043600527,"Stewart Ijames","AAA"
162958,10.8534207396385,0.046,"3B",0.49925735402337,"Mike Ahmed","AAA"
172624,3.07612686606893,0.162,"C",0.498332552303167,"Mario Santana","AAA"
143085,6.52121479126723,0.076,"3B-OF",0.495612324136309,"Bengie Gonzalez","AAA"
143085,6.52121479126723,0.076,"3B-OF",0.495612324136309,"Bengie Gonzalez","AAA"
151019,6.49393638644541,0.076,"3B",0.493539165369851,"Cal Towey","AAA"
135552,7.67465578055576,0.064,"1B",0.491177969955569,"Christian Marrero","AAA"
135552,7.67465578055576,0.064,"1B",0.491177969955569,"Christian Marrero","AAA"
159017,4.58384780762636,0.106,"2B",0.485887867608395,"Richie Pedroza","AAA"
168169,10.5387756006522,0.046,"C",0.484783677630003,"Grayson Greiner","AAA"
51366,3.21723566937924,0.148,"2B-3B",0.476150879068128,"Alexander Valdez","AAA"
198549,4.64789412116525,0.102,"OF",0.474085200358856,"Alejandro Garcia","AAA"
172485,5.14592257601617,0.092,"C",0.473424876993488,"Luis Juarez","AAA"
163286,4.05133143476849,0.116,"OF-P",0.469954446433145,"Cole Sturgeon","AAA"
45752,3.17340435496431,0.148,"LF",0.469663844534718,"Jesus Valdez","AAA"
165170,19.2975270399729,0.024,"OF",0.46314064895935,"Brandon Downes","AAA"
175256,6.99438429058569,0.066,"C",0.461629363178656,"Stuart Turner","AAA"
159454,5.10479798215271,0.09,"SS",0.459431818393744,"Eric Stamets","AAA"
176502,8.15760482160039,0.056,"C",0.456825870009622,"Trent Woodward","AAA"
152485,4.4752362122962,0.102,"OF",0.456474093654212,"John Andreoli","AAA"
171527,8.44925244392096,0.054,"1B",0.456259631971732,"Edwin Espinal","AAA"
123461,3.80017260624813,0.12,"3B",0.456020712749776,"C.J. Retherford","AAA"
129450,3.00097766506222,0.15,"1B-3B",0.450146649759333,"Ricky Alvarez","AAA"
143468,7.50049361942775,0.06,"OF",0.450029617165665,"Isaias Asencio","AAA"
128229,3.35602507497309,0.134,"SS",0.449707360046394,"Walter Ibarra","AAA"
171205,9.23447184234217,0.048,"2B",0.443254648432424,"Kody Eaves","AAA"
123675,3.488637436152,0.126,"1B",0.439568316955152,"Cody Decker","AAA"
143265,3.26651999222158,0.134,"3B",0.437713678957691,"Michael Almanzar","AAA"
143265,3.26651999222158,0.134,"3B",0.437713678957691,"Michael Almanzar","AAA"
148450,4.65437831776189,0.094,"OF",0.437511561869617,"Cameron Perkins","AAA"
171012,10.9090517581375,0.04,"SS",0.436362070325499,"Joe Munoz","AAA"
181995,7.25893281629491,0.06,"3B",0.435535968977694,"Jhoan Urena","AAA"
181526,12.093239055668,0.036,"C",0.43535660600405,"Jose Duarte","AAA"
166318,5.68594539847937,0.076,"SS",0.432131850284432,"Rosell Herrera","AAA"
141634,14.2691462289756,0.03,"1B",0.428074386869267,"Ryohei Shimabukuro","AAA"
147875,5.09200807187588,0.084,"C",0.427728678037574,"Mike Ohlman","AAA"
20746,3.79204389743718,0.112,"1B-3B",0.424708916512965,"Mario Lisson","AAA"
122756,9.21744904114265,0.046,"SS-2B",0.424002655892562,"Robi Estrada","AAA"
172324,4.40341353592888,0.096,"IF",0.422727699449173,"Fernando Alejos","AAA"
172573,3.40727874754611,0.124,"OF",0.422502564695718,"Esteban Quiroz","AAA"
162571,8.11535818215084,0.052,"C",0.421998625471843,"Anthony Bemboom","AAA"
141421,3.45177043342691,0.122,"CF-OF",0.421115992878083,"Engel Beltre","AAA"
54647,6.9923793338935,0.06,"RF-LF",0.41954276003361,"Chris Valencia","AAA"
148308,9.07718880753125,0.046,"2B",0.417550685146438,"Jerome Pena","AAA"
143928,4.63800006054179,0.09,"2B",0.417420005448761,"Colin Walsh","AAA"
143928,4.63800006054179,0.09,"2B",0.417420005448761,"Colin Walsh","AAA"
151549,3.84798253759804,0.108,"OF",0.415582114060588,"Zach Borenstein","AAA"
171877,5.06550074720639,0.082,"SS",0.415371061270924,"Tzu-Wei Lin","AAA"
181945,7.67276971957339,0.054,"2B-SS",0.414329564856963,"Luis Valenzuela","AAA"
172371,4.35492726918702,0.094,"3B",0.40936316330358,"Jesus Castillo","AAA"
172407,6.32644018063248,0.064,"OF",0.404892171560478,"Sebastian Elizalde","AAA"
172322,3.25214870870332,0.124,"OF",0.403266439879212,"Eliseo Aldazaba","AAA"
192586,16.670986966015,0.024,"1B",0.400103687184361,"Eric Meza","AAA"
128126,3.11743825895315,0.128,"SS",0.399032097146003,"Argenis Diaz","AAA"
156579,5.24579407528336,0.076,"OF",0.398680349721535,"Jacob Hannemann","AAA"
147985,7.30398560335027,0.054,"OF",0.394415222580914,"Juan Silva","AAA"
143239,4.45681115397031,0.088,"2B-SS",0.392199381549388,"Gustavo Nunez","AAA"
143239,4.45681115397031,0.088,"2B-SS",0.392199381549388,"Gustavo Nunez","AAA"
166078,9.3279963798386,0.042,"2B-3B",0.391775847953221,"Luis Mendez","AAA"
159065,6.97504623577232,0.056,"OF",0.39060258920325,"Dario Pizzano","AAA"
39265,3.13436426917884,0.124,"OF",0.388661169378177,"Dustin Martin","AAA"
172398,3.04569600723251,0.126,"3B-1B",0.383757696911296,"Pedro Diaz","AAA"
211308,14.5593969147166,0.026,"OF",0.378544319782631,"Jorge Gonzalez","AAA"
147052,4.18086791517915,0.09,"SS",0.376278112366124,"Jason Martinson","AAA"
143143,4.67805862020772,0.08,"OF",0.374244689616617,"Kenny Wilson","AAA"
171769,9.81083421350115,0.038,"C",0.372811700113044,"Webster Rivas","AAA"
165766,4.15571313956274,0.088,"C",0.365702756281521,"Logan Moore","AAA"
169350,7.49627657984845,0.048,"SS",0.359821275832726,"Angel Rosa","AAA"
149427,6.91729113680689,0.052,"C",0.359699139113958,"Beau Taylor","AAA"
183236,10.5309428989041,0.034,"2B",0.358052058562739,"Marco Guzman","AAA"
185041,6.09439865291484,0.058,"IF",0.353475121869061,"Peter Van Gansen","AAA"
143170,3.82068743143679,0.092,"OF",0.351503243692185,"Destin Hood","AAA"
165262,5.48648499646916,0.064,"3B",0.351135039774026,"Tyler Goeddel","AAA"
148472,5.8283009024607,0.06,"1B",0.349698054147642,"Jonathan Rodriguez","AAA"
171846,10.8977654984298,0.032,"C",0.348728495949754,"Luis Villegas","AAA"
171535,13.383728952524,0.026,"2B",0.347976952765624,"Cleuluis Rondon","AAA"
171535,13.383728952524,0.026,"2B",0.347976952765624,"Cleuluis Rondon","AAA"
158669,7.1765699400027,0.048,"OF",0.34447535712013,"Evan Marzilli","AAA"
188368,9.04557052737205,0.038,"SS",0.343731680040138,"Yeyson Yrizarri","AAA"
188368,9.04557052737205,0.038,"SS",0.343731680040138,"Yeyson Yrizarri","AAA"
143602,17.1219759913374,0.02,"C-1B",0.342439519826749,"Juan Torres","AAA"
144923,8.95623467280429,0.038,"C",0.340336917566563,"Adam Weisenburger","AAA"
143775,6.70832816698266,0.05,"OF",0.335416408349133,"Jonathan Jones","AAA"
129284,5.94481426161092,0.056,"3B",0.332909598650212,"Myles Schroder","AAA"
165649,16.5496447824787,0.02,"SS-2B",0.330992895649575,"John Polonius","AAA"
148199,9.57280794783218,0.034,"C",0.325475470226294,"Jan Vazquez","AAA"
185086,8.55818641647536,0.038,"2B",0.325211083826064,"Tim Arakawa","AAA"
148050,10.6913523065214,0.03,"3B",0.320740569195641,"Edgar Corcino","AAA"
176468,7.58569339144367,0.042,"OF",0.318599122440634,"Bo Way","AAA"
148335,12.0909050333695,0.026,"C",0.314363530867608,"Chris O'Dowd","AAA"
136489,3.08008155498329,0.102,"OF",0.314168318608295,"Cristhian Presichi","AAA"
165334,8.24984643204272,0.038,"SS",0.313494164417623,"Jack Lopez","AAA"
188313,6.77205519471544,0.046,"OF",0.31151453895691,"Roemon Fields","AAA"
38091,3.04528752960533,0.102,"SS",0.310619328019744,"Sean Kazmar","AAA"
143188,4.98797900995528,0.062,"2B",0.309254698617227,"Jon Berti","AAA"
175235,5.31770326136351,0.058,"OF",0.308426789159084,"Andrew Stevenson","AAA"
168952,6.35860403032189,0.048,"IF",0.305212993455451,"Corey Toups","AAA"
141412,7.21953406801772,0.042,"2B",0.303220430856744,"Robert Vasquez","AAA"
54271,3.59810709808928,0.084,"LF",0.302240996239499,"Roman Pena","AAA"
168860,6.26571799756761,0.048,"IF",0.300754463883245,"Chesny Young","AAA"
135547,3.4919792639753,0.086,"IF",0.300310216701876,"Jesus Lopez","AAA"
142814,4.98558511838335,0.06,"LF",0.299135107103001,"J.P. Ramirez","AAA"
156312,5.95638246470126,0.05,"OF",0.297819123235063,"Henry Ramos","AAA"
172614,4.20238488357044,0.07,"OF",0.294166941849931,"Alan Sanchez","AAA"
165074,5.65569403388297,0.052,"IF",0.294096089761914,"Drew Dosch","AAA"
172579,5.63373768764012,0.052,"OF-2B",0.292954359757286,"Ramon Ramirez","AAA"
172467,3.02113048242103,0.096,"SS",0.290028526312419,"Hector Hernandez","AAA"
156480,6.29425874433461,0.046,"2B",0.289535902239392,"Sean Coyle","AAA"
183854,9.58212497240834,0.03,"OF",0.28746374917225,"Carlos Arroyo","AAA"
129119,4.22465905192072,0.068,"C-OF",0.287276815530609,"Dan Rohlfing","AAA"
170903,4.94687096188909,0.058,"2B",0.286918515789567,"Jesmuel Valentin","AAA"
172559,3.04569600723251,0.094,"C",0.286295424679856,"Hector Paez","AAA"
182679,6.48785076383635,0.044,"2B",0.2854654336088,"Ramon Urias","AAA"
149498,4.90861239366622,0.058,"OF",0.284699518832641,"Wynton Bernard","AAA"
192569,14.1063093737214,0.02,"IF",0.282126187474429,"Aldo Flores","AAA"
172416,3.20338875646492,0.088,"2B",0.281898210568913,"Carlos Figueroa","AAA"
161233,5.57074103097177,0.05,"SS",0.278537051548588,"Jose Vinicio","AAA"
171881,8.60588509272571,0.032,"C",0.275388322967223,"Jose Briceno","AAA"
158794,5.91140424378007,0.046,"3B",0.271924595213883,"Mike Miller","AAA"
150142,5.66459724973412,0.048,"3B",0.271900667987238,"Jantzen Witte","AAA"
181502,6.14719723593175,0.044,"OF",0.270476678380997,"Jose Urena","AAA"
147868,5.87337756538762,0.046,"C",0.27017536800783,"Jeremy Lucas","AAA"
172491,3.04035182634023,0.088,"SS",0.26755096071794,"Paul Leon","AAA"
171523,6.31893855531628,0.042,"SS-2B",0.265395419323284,"Angelo Mora","AAA"
172535,3.12994999742179,0.084,"1B",0.26291579978343,"Carlos Morales","AAA"
142463,5.46744201109379,0.048,"OF",0.262437216532502,"Francisco Rivera","AAA"
168759,18.4537586199315,0.014,"IF",0.258352620679042,"Vince Conde","AAA"
183407,7.53760062021381,0.034,"OF",0.25627842108727,"John Mora","AAA"
158758,4.25116549033614,0.06,"SS",0.255069929420169,"Alex Mejia","AAA"
2430,3.03343952929583,0.084,"2B",0.25480892046085,"Carlos Gastelum","AAA"
169940,9.04732923255618,0.028,"SS",0.253325218511573,"Alec Sole","AAA"
145244,5.98835667503917,0.042,"OF",0.251510980351645,"Rico Noel","AAA"
145244,5.98835667503917,0.042,"OF",0.251510980351645,"Rico Noel","AAA"
171322,6.96990183225242,0.036,"2B",0.250916465961087,"Melvin Mercedes","AAA"
170935,6.23194476684148,0.04,"1B",0.249277790673659,"Nellie Rodriguez","AAA"
165916,4.79081226767288,0.052,"3B-SS",0.24912223791899,"Juan Carlos Gamboa","AAA"
129303,7.75650151468997,0.032,"C",0.248208048470079,"Xorge Carrillo","AAA"
188815,11.280871708856,0.022,"OF",0.248179177594831,"Stephen Gaylor","AAA"
188815,11.280871708856,0.022,"OF",0.248179177594831,"Stephen Gaylor","AAA"
158693,4.72556777032165,0.052,"SS-2B",0.245729524056726,"Jack Mayfield","AAA"
4950,3.10571323634766,0.078,"OF",0.242245632435117,"Sergio Contreras","AAA"
158515,5.75441372141844,0.042,"3B-1B",0.241685376299575,"Jason Leblebijian","AAA"
143321,4.16281093780222,0.058,"2B-3B",0.241443034392529,"Angel Franco","AAA"
143892,4.02327132690549,0.06,"2B",0.241396279614329,"Danny Muno","AAA"
142837,6.88657419878309,0.034,"OF",0.234143522758625,"Zach Collier","AAA"
165352,5.08110306232335,0.046,"OF",0.233730740866874,"Bubba Starling","AAA"
162003,12.9746147843573,0.018,"OF",0.233543066118432,"Alberth Martinez","AAA"
181754,5.06900300307979,0.046,"OF",0.23317413814167,"Victor Cruzado","AAA"
57003,3.09731987556672,0.074,"OF",0.229201670791937,"Roberto Lopez","AAA"
148753,6.00727607714632,0.038,"C",0.22827649093156,"Pat Cantwell","AAA"
148753,6.00727607714632,0.038,"C",0.22827649093156,"Pat Cantwell","AAA"
159350,4.35834366387529,0.052,"2B-SS",0.226633870521515,"Zach Shank","AAA"
174959,11.2760150599574,0.02,"C",0.225520301199148,"R.J. Ybarra","AAA"
211330,11.2760150599574,0.02,"C",0.225520301199148,"Armando Lomeli","AAA"
168083,7.02334591435611,0.032,"C",0.224747069259396,"Garrett Stubbs","AAA"
156456,4.13771927373099,0.054,"C",0.223436840781473,"Roberto Pena","AAA"
187850,15.620448246689,0.014,"1B",0.218686275453645,"Joshua Banuelos","AAA"
129392,10.9059637528391,0.02,"C",0.218119275056783,"Carlos Ramirez","AAA"
374,7.68943094889132,0.028,"C",0.215304066568957,"Jeff Arnold","AAA"
165264,5.81406462068165,0.036,"SS",0.209306326344539,"Alex Blandino","AAA"
101559,4.7259035589761,0.044,"1B-2B",0.207939756594948,"Sharlon Schoop","AAA"
156375,4.90312211822603,0.042,"C",0.205931128965493,"Chad Wallach","AAA"
180382,3.19955529299259,0.064,"C",0.204771538751526,"Jose Felix","AAA"
211380,5.63100261350792,0.036,"SS",0.202716094086285,"Roberto Valenzuela","AAA"
172595,3.06403275622288,0.066,"C",0.20222616191071,"Carlos Rodriguez","AAA"
101175,9.12190399516409,0.022,"C",0.20068188789361,"Allan De San Miguel","AAA"
203899,8.35839207247327,0.024,"1B",0.200601409739358,"David Jacob","AAA"
169165,7.15095573454379,0.028,"IF",0.200226760567226,"Andrew Ely","AAA"
156461,5.17666794420946,0.038,"SS",0.19671338187996,"Niko Goodrum","AAA"
144946,4.91251790144854,0.04,"1B",0.196500716057941,"Brock Stassi","AAA"
165548,10.8465916048936,0.018,"OF",0.195238648888085,"Tanner English","AAA"
181872,8.84556568975062,0.022,"C",0.194602445174514,"Tomas Morales","AAA"
172432,8.1045454906302,0.024,"C",0.194509091775125,"Juan Carlos Garcia","AAA"
171451,4.86094217379497,0.04,"RF-OF",0.194437686951799,"Bijan Rademacher","AAA"
143679,12.0397914406751,0.016,"C",0.192636663050802,"Jesus Navarro","AAA"
151569,5.31835545277635,0.036,"OF-SS",0.191460796299949,"Drew Maggi","AAA"
143133,4.98530993200346,0.038,"2B",0.189441777416132,"Derrik Gibson","AAA"
165138,10.3948603786068,0.018,"OF",0.187107486814922,"James Harris","AAA"
173352,4.91496524432134,0.038,"3B",0.186768679284211,"Erich Weiss","AAA"
142820,5.13219698437363,0.036,"SS",0.184759091437451,"Austin Nola","AAA"
172364,3.04805623484571,0.06,"IF-OF",0.182883374090742,"Alberto Carreon","AAA"
188716,11.4231420059587,0.016,"OF",0.18277027209534,"Daniel Carbonell","AAA"
159322,5.68385709349493,0.032,"OF",0.181883426991838,"Nick Schulz","AAA"
180804,11.3329101469253,0.016,"C",0.181326562350805,"Joseph Odom","AAA"
162871,12.9410829878151,0.014,"C",0.181175161829411,"Zane Evans","AAA"
181889,9.93319302971022,0.018,"SS",0.178797474534784,"Erick Mejia","AAA"
163201,4.7025859658822,0.038,"OF",0.178698266703524,"Ian Parmley","AAA"
158608,9.89821120336117,0.018,"OF",0.178167801660501,"Chantz Mack","AAA"
172473,3.04942052683371,0.058,"2B",0.176866390556355,"Daniel Hinojosa","AAA"
172640,3.03944463026656,0.058,"3B",0.17628778855546,"Miguel Torrero","AAA"
183531,10.9339416022899,0.016,"C",0.174943065636638,"Daniel Fajardo","AAA"
143076,4.55591327998713,0.038,"3B",0.173124704639511,"Zack Cox","AAA"
168139,5.40266727546391,0.032,"OF",0.172885352814845,"Auston Bousfield","AAA"
141539,4.49283010418948,0.038,"OF",0.1707275439592,"Gerson Manzanillo","AAA"
38124,3.04477146498162,0.056,"SS",0.170507202038971,"Rolando Acosta","AAA"
156514,4.4306793511892,0.038,"SS",0.16836581534519,"Shane Opitz","AAA"
157203,5.94478100574142,0.028,"OF",0.16645386816076,"Barrett Barnes","AAA"
159747,4.36725551704239,0.038,"3B",0.165955709647611,"Matt Williams","AAA"
159747,4.36725551704239,0.038,"3B",0.165955709647611,"Matt Williams","AAA"
142465,3.06518691588389,0.054,"C",0.16552009345773,"Humberto Sosa","AAA"
158395,5.12938203157614,0.032,"C",0.164140225010436,"Spencer Kieboom","AAA"
156426,6.29073593863265,0.026,"C",0.163559134404449,"Justin O'Conner","AAA"
187978,10.0508761424672,0.016,"C",0.160814018279476,"Sal Giardina","AAA"
172427,3.06412625277508,0.052,"IF",0.159334565144304,"Valentin Gamez","AAA"
172391,6.08528448106392,0.026,"OF",0.158217396507662,"Cesar Del Angel","AAA"
156444,8.56977663784363,0.018,"3B",0.154255979481185,"Eric Jagielo","AAA"
187864,11.0158193417373,0.014,"CF",0.154221470784322,"Arnaldo Berrios","AAA"
168732,9.51492860381084,0.016,"1B",0.152238857660973,"Collin Ferguson","AAA"
172387,3.04150598600125,0.05,"C",0.152075299300062,"Jose Francisco Cordova","AAA"
143622,4.42185043931109,0.034,"C",0.150342914936577,"Sebastian Valle","AAA"
143622,4.42185043931109,0.034,"C",0.150342914936577,"Sebastian Valle","AAA"
171379,9.30920828589969,0.016,"2B-3B",0.148947332574395,"River Stevens","AAA"
171819,4.64394600002306,0.032,"SS",0.148606272000738,"Ronald Bueno","AAA"
172544,3.08604799226854,0.048,"OF",0.14813030362889,"Daniel Nunez","AAA"
168600,7.38636479894058,0.02,"2B",0.147727295978812,"Billy Fleming","AAA"
182651,3.88493667591993,0.038,"1B",0.147627593684957,"Victor Mendoza","AAA"
166027,14.7222527181654,0.01,"C",0.147222527181654,"Martin Cervenka","AAA"
181054,18.2178574499816,0.008,"OF",0.145742859599853,"Matt McPhearson","AAA"
159643,5.13912904849085,0.028,"SS",0.143895613357744,"Zach Vincej","AAA"
182683,7.19134456570692,0.02,"C",0.143826891314138,"Carlos Mendivil","AAA"
144266,10.2560454388495,0.014,"OF",0.143584636143894,"Drew Muren","AAA"
144266,10.2560454388495,0.014,"OF",0.143584636143894,"Drew Muren","AAA"
170467,10.2414945192517,0.014,"C",0.143380923269524,"John Bormann","AAA"
172329,3.76981246500431,0.038,"C",0.143252873670164,"Genaro Andrade","AAA"
172551,3.76812712740939,0.038,"OF",0.143188830841557,"Jorge Ortiz","AAA"
157346,6.48038178253633,0.022,"1B",0.142568399215799,"Jayce Boyd","AAA"
158910,10.0847690636075,0.014,"3B-2B",0.141186766890505,"Khayyan Norfork","AAA"
142847,6.40315691333048,0.022,"C",0.140869452093271,"Rene Garcia","AAA"
167805,6.27258241801419,0.022,"C",0.137996813196312,"Jake Romanski","AAA"
187994,7.64827672128908,0.018,"OF",0.137668980983204,"Cade Gotta","AAA"
181555,11.4507727151563,0.012,"SS",0.137409272581876,"Ivan Castillo","AAA"
204343,17.0065190860921,0.008,"OF",0.136052152688736,"Jose Gonzalez","AAA"
171524,4.85100065885633,0.028,"OF",0.135828018447977,"Herlis Rodriguez","AAA"
45996,3.0751080420835,0.044,"SS",0.135304753851674,"Jose Chavez","AAA"
164576,8.4403573792371,0.016,"SS",0.135045718067794,"Ryan Walker","AAA"
159797,9.5401105372177,0.014,"C",0.133561547521048,"Austin Wynns","AAA"
2111,3.03080035084415,0.044,"SS",0.133355215437143,"Luis Borges","AAA"
172547,3.16659417731064,0.042,"OF",0.132996955447047,"Jose Orozco","AAA"
181782,5.47979480569476,0.024,"C",0.131515075336674,"Ricardo Valenzuela","AAA"
151763,4.67366836302374,0.028,"2B",0.130862714164665,"Jacob Wilson","AAA"
147937,4.35374839000507,0.03,"C",0.130612451700152,"Sergio Burruel","AAA"
2480,3.04150598600125,0.042,"C",0.127743251412052,"Said Gutierrez","AAA"
170998,12.7451178076572,0.01,"C",0.127451178076572,"Charles Moorman","AAA"
170791,7.85433847275628,0.016,"C",0.1256694155641,"Jin-De Jhang","AAA"
129189,4.18727814888014,0.03,"OF",0.125618344466404,"Carlos Moncrief","AAA"
166058,4.81626435758058,0.026,"OF",0.125222873297095,"Jesus Loya","AAA"
168357,7.82485445857104,0.016,"IF",0.125197671337137,"Andrew Guillotte","AAA"
149871,6.93471505000453,0.018,"SS-2B",0.124824870900082,"Levi Michael","AAA"
173734,8.87437066095821,0.014,"IF",0.124241189253415,"Alex De Goti","AAA"
160869,8.87106383370078,0.014,"C",0.124194893671811,"Angel Chavarin","AAA"
161132,5.48981262104136,0.022,"SS",0.12077587766291,"Leonardo Reginatto","AAA"
152743,5.46495491584505,0.022,"SS",0.120229008148591,"Gift Ngoepe","AAA"
172656,3.09979065721174,0.038,"OF",0.117792044974046,"Roberto Valencia","AAA"
148444,4.49896539144336,0.026,"C",0.116973100177527,"Steven Baron","AAA"
182883,8.34905145478207,0.014,"C",0.116886720366949,"Alejandro Flores","AAA"
149285,8.33166369413408,0.014,"C",0.116643291717877,"Andrew Longley","AAA"
158606,6.21802968068647,0.018,"3B",0.111924534252356,"Brandon Macias","AAA"
181471,6.92892757385388,0.016,"SS",0.110862841181662,"Erick Salcedo","AAA"
141866,11.0744584859046,0.01,"C",0.110744584859046,"Eliezer Zambrano","AAA"
148318,5.00785502027924,0.022,"2B",0.110172810446143,"Stephen Bruno","AAA"
172596,5.46904395134597,0.02,"OF",0.109380879026919,"Cesar Rodriguez","AAA"
123051,4.17535233816568,0.026,"SS-3B",0.108559160792308,"Joey Wong","AAA"
180489,6.7760911092986,0.016,"SS",0.108417457748778,"Abiatal Avelino","AAA"
211311,10.8212001969561,0.01,"OF",0.108212001969561,"Francisco Hernandez","AAA"
188358,8.79650805833296,0.012,"C",0.105558096699996,"Alexander Capriata","AAA"
181912,10.5035288528085,0.01,"C",0.105035288528085,"Luis Cruz","AAA"
156863,4.75307589970825,0.022,"3B",0.104567669793581,"David Vidal","AAA"
143091,5.78656515597956,0.018,"1B",0.104158172807632,"Kevin Torres","AAA"
172554,3.04150598600125,0.034,"OF",0.103411203524042,"Enrique Osorio","AAA"
143407,4.23730033944621,0.024,"SS",0.101695208146709,"Gabriel Noriega","AAA"
152711,3.86835916533622,0.026,"C",0.100577338298742,"Miguel Gonzalez","AAA"
172347,3.1250808503595,0.032,"2B-SS",0.100002587211504,"Ivan Bellazetin","AAA"
141578,5.35315322618741,0.018,"C",0.0963567580713733,"Israel Nunez","AAA"
165989,11.9037402814898,0.008,"C",0.0952299222519182,"Alfredo Gonzalez","AAA"
165491,11.7881200395883,0.008,"3B",0.0943049603167067,"Bradley Roney","AAA"
157891,7.83616212186093,0.012,"1B",0.0940339454623312,"Rudy Flores","AAA"
166053,4.63649164511943,0.02,"C",0.0927298329023887,"Gabriel Lino","AAA"
184194,5.1139188370047,0.018,"C",0.0920505390660846,"Kade Scivicque","AAA"
171659,15.3373842647764,0.006,"OF",0.0920243055886582,"Edwin Moreno","AAA"
172425,4.58074691561703,0.02,"C",0.0916149383123405,"Gilberto Galaviz","AAA"
198597,11.4050221846571,0.008,"SS",0.0912401774772567,"Eugene Helder","AAA"
161952,4.08505336871371,0.022,"2B-SS",0.0898711741117017,"Juniel Querecuto","AAA"
189847,14.6870490552077,0.006,"1B",0.0881222943312465,"Carlos Diaz","AAA"
189847,14.6870490552077,0.006,"1B",0.0881222943312465,"Carlos Diaz","AAA"
172505,5.193426495221,0.016,"2B",0.0830948239235361,"Jose Luna","AAA"
162349,8.2958497711618,0.01,"IF",0.082958497711618,"Oscar Sanay","AAA"
160919,4.58282677244557,0.018,"3B",0.0824908819040202,"Anderson Feliz","AAA"
172411,3.42003533687758,0.024,"C",0.0820808480850619,"Jesus Espinoza","AAA"
170628,13.4056992462273,0.006,"C",0.0804341954773639,"Brian Olson","AAA"
58553,4.45551492551813,0.018,"1B-OF",0.0801992686593264,"Tim Torres","AAA"
150308,6.56858248004863,0.012,"2B-3B",0.0788229897605836,"Kevin Medrano","AAA"
181528,13.0596456556124,0.006,"C",0.0783578739336742,"Carlos Garay","AAA"
142672,6.52263799998569,0.012,"C",0.0782716559998283,"Braeden Schlehuber","AAA"
128121,9.77233546302801,0.008,"C",0.0781786837042241,"Rogelio Del Campo","AAA"
144937,3.89765824069656,0.02,"OF",0.0779531648139312,"Caleb Ramsey","AAA"
211373,12.9400945291598,0.006,"OF",0.0776405671749588,"Roman Sesteaga","AAA"
24177,6.32882663754658,0.012,"C",0.0759459196505589,"Jack Murphy","AAA"
161963,4.73598897970951,0.016,"SS-2B",0.0757758236753522,"Adrian Sanchez","AAA"
172599,3.42855319263207,0.022,"C",0.0754281702379054,"Leonardo Rodriguez","AAA"
45261,3.42722566767914,0.022,"SS",0.0753989646889411,"Juan Ciriaco","AAA"
172325,4.15533519365045,0.018,"IF",0.074796033485708,"Carlos Alvarez","AAA"
172564,3.10971442591754,0.024,"OF",0.074633146222021,"Sergio Perez","AAA"
128016,3.0751080420835,0.024,"OF",0.073802593010004,"Yancarlo Angulo","AAA"
198090,7.34619414547788,0.01,"IF",0.0734619414547788,"Yousamot Cota","AAA"
188361,11.9306858093312,0.006,"SS",0.0715841148559875,"Rayder Ascanio","AAA"
188361,11.9306858093312,0.006,"SS",0.0715841148559875,"Rayder Ascanio","AAA"
129564,5.96518427860045,0.012,"C",0.0715822113432054,"Shawn Zarraga","AAA"
172517,3.23114074824426,0.022,"IF",0.0710850964613737,"Jose Martinez","AAA"
197784,8.8092118835745,0.008,"2B",0.070473695068596,"Jonathan McCray","AAA"
123674,3.52203497246447,0.02,"3B",0.0704406994492894,"Jermaine Curtis","AAA"
148286,8.6587184638646,0.008,"C",0.0692697477109168,"Jeffrey Glenn","AAA"
149043,5.73260447292665,0.012,"OF",0.0687912536751198,"Jeff McVaney","AAA"
190075,11.2886703558909,0.006,"OF",0.0677320221353453,"Jose Medina","AAA"
209291,4.81683157315155,0.014,"OF",0.0674356420241217,"Oscar Williams","AAA"
192577,6.67351278036462,0.01,"OF",0.0667351278036462,"Samar Leyva","AAA"
171330,10.9064652816534,0.006,"2B",0.0654387916899205,"Bruce Caldwell","AAA"
156474,5.39807140137415,0.012,"2B",0.0647768568164899,"Dominic Ficociello","AAA"
172670,3.56295620116625,0.018,"2B",0.0641332116209925,"Ricardo Vazquez","AAA"
192573,7.87957321478562,0.008,"OF",0.0630365857182849,"Amilcar Gomez","AAA"
143376,6.23272410253273,0.01,"2B",0.0623272410253273,"Emerson Landoni","AAA"
136271,3.10690767041552,0.02,"C",0.0621381534083104,"Jesus Vega","AAA"
198123,10.3302634815719,0.006,"H",0.0619815808894316,"Javier Salazar","AAA"
171963,10.3107214680743,0.006,"2B",0.0618643288084458,"Juan Ciriaco","AAA"
172503,3.43195470857064,0.018,"OF",0.0617751847542716,"Fransisco Lugo","AAA"
209277,7.65583971227804,0.008,"2B",0.0612467176982243,"Miguel Rodriguez","AAA"
187882,10.0802155984448,0.006,"SS",0.0604812935906689,"Dale Burdick","AAA"
172553,3.02358474466418,0.02,"OF",0.0604716948932835,"Eliezer Ortiz","AAA"
165903,15.0873600303678,0.004,"SS",0.0603494401214713,"Felipe Blanco","AAA"
172409,3.34549589284912,0.018,"C",0.0602189260712842,"Francisco Esparragoza","AAA"
174595,10.0358830628763,0.006,"IF-OF",0.0602152983772577,"Spencer Johnson","AAA"
211288,14.9173851983659,0.004,"C",0.0596695407934635,"Manuel Barradas","AAA"
211332,14.7170298461907,0.004,"2B",0.058868119384763,"Alan Lopez","AAA"
187758,3.61497327817725,0.016,"IF",0.0578395724508361,"Julian Castro","AAA"
172429,7.13748600897533,0.008,"SS",0.0570998880718026,"Edson Garcia","AAA"
149178,5.68589083216132,0.01,"3B-2B",0.0568589083216132,"K.C. Serna","AAA"
165814,4.68523778496247,0.012,"OF",0.0562228534195496,"Jordan Smith","AAA"
146532,9.18332663744626,0.006,"OF",0.0550999598246775,"Tucker Nathans","AAA"
156379,9.02432298855701,0.006,"OF",0.0541459379313421,"Dexter Kjerstad","AAA"
166083,4.34136023254708,0.012,"SS",0.052096322790565,"Jio Mier","AAA"
211372,12.8453406953795,0.004,"OF",0.0513813627815181,"Jorge Sesma","AAA"
151656,8.30869005903046,0.006,"C",0.0498521403541828,"Chris O'Brien","AAA"
171016,12.4629824255258,0.004,"C",0.0498519297021032,"Sammy Ayala","AAA"
198694,12.2085279672512,0.004,"C",0.0488341118690048,"Erick Matta","AAA"
151658,4.8658592339349,0.01,"2B",0.048658592339349,"Dan Gamache","AAA"
151658,4.8658592339349,0.01,"2B",0.048658592339349,"Dan Gamache","AAA"
209267,11.8520347059185,0.004,"C",0.0474081388236741,"Orlando Pina","AAA"
147004,5.7924355617834,0.008,"C",0.0463394844942672,"Tim Roberson","AAA"
156666,11.3352543095465,0.004,"C",0.045341017238186,"Marcus Littlewood","AAA"
172548,3.04569600723251,0.014,"SS",0.0426397441012552,"Carlos Orrantia","AAA"
158159,10.6200844088487,0.004,"SS-2B",0.0424803376353946,"Brock Hebert","AAA"
209285,4.2431182865194,0.01,"OF",0.042431182865194,"Raymundo Torres","AAA"
142803,6.92711214191957,0.006,"3B",0.0415626728515174,"Harold Martinez","AAA"
156959,6.6229521039357,0.006,"2B",0.0397377126236142,"Alfredo Lopez","AAA"
168503,9.57666754344972,0.004,"IF",0.0383066701737989,"Jake Yacinich","AAA"
209256,9.49694502186969,0.004,"OF",0.0379877800874788,"Fabricio Macias","AAA"
183852,9.32914647753919,0.004,"1B",0.0373165859101568,"Elio Castillo","AAA"
172483,4.50066589650484,0.008,"OF",0.0360053271720388,"Ivan Jimenez","AAA"
172642,4.39631707130908,0.008,"C",0.0351705365704726,"Miguel Torres","AAA"
209290,17.01596460661,0.002,"C",0.03403192921322,"Andres Vizcarra","AAA"
165357,8.32616872490196,0.004,"C",0.0333046748996078,"Nate Esposito","AAA"
192566,8.22644470628439,0.004,"3B",0.0329057788251376,"Angel Erro","AAA"
172362,5.42722340157981,0.006,"IF",0.0325633404094789,"Rufino Candelario","AAA"
156503,7.95289376791017,0.004,"SS",0.0318115750716407,"Jorge Flores","AAA"
156503,7.95289376791017,0.004,"SS",0.0318115750716407,"Jorge Flores","AAA"
172434,3.16680668093324,0.01,"OF",0.0316680668093324,"Sergio Garcia","AAA"
192574,7.72232402702912,0.004,"2B",0.0308892961081165,"Moises Gutierrez","AAA"
161227,3.08783744942508,0.01,"2B",0.0308783744942508,"Adan Velazquez","AAA"
186069,7.54221513510647,0.004,"SS",0.0301688605404259,"Danny Mendick","AAA"
211315,14.9832679893666,0.002,"2B",0.0299665359787331,"Fernando Inzunza","AAA"
148361,7.47545918872017,0.004,"OF",0.0299018367548807,"Jeff Gelalich","AAA"
192557,7.09984745907415,0.004,"SS",0.0283993898362966,"Arel Campoy","AAA"
190250,12.7630326186383,0.002,"3B",0.0255260652372767,"Juan Rodriguez","AAA"
190106,12.7328372000196,0.002,"SS",0.0254656744000393,"Jhombeyker Morales","AAA"
172645,4.20405799095535,0.006,"OF",0.0252243479457321,"Enrique Trujillo","AAA"
211292,12.59252837541,0.002,"C-OF",0.0251850567508199,"Albert Canedo","AAA"
150634,12.4629025074041,0.002,"OF",0.0249258050148083,"Jonathan Schwind","AAA"
143375,6.23033901053487,0.004,"C",0.0249213560421395,"Francisco Arcia","AAA"
172597,3.10117062543734,0.008,"C",0.0248093650034987,"Erick Rodriguez","AAA"
172488,4.08367669942239,0.006,"C",0.0245020601965343,"Oscar Lemus","AAA"
133914,3.04569600723251,0.008,"2B",0.0243655680578601,"Jesus Rivera","AAA"
198106,11.2082724742724,0.002,"IF",0.0224165449485448,"Bernardo Heras","AAA"
165265,11.1154167898123,0.002,"OF",0.0222308335796245,"Dillon Thomas","AAA"
209261,10.7679395330962,0.002,"2B",0.0215358790661925,"Omar Meza","AAA"
172377,3.5819860193205,0.006,"3B",0.021491916115923,"Humberto Castro","AAA"
181633,5.09763490666903,0.004,"OF",0.0203905396266761,"Jose Figueroa","AAA"
211371,4.95662011458774,0.004,"OF",0.019826480458351,"Victor Santos","AAA"
172658,3.29652213108536,0.006,"1B-OF",0.0197791327865121,"Jesus Valenzuela","AAA"
157258,9.84797108436626,0.002,"C-1B",0.0196959421687325,"Parker Berberet","AAA"
185326,9.82670951737405,0.002,"OF",0.0196534190347481,"Louis Silverio","AAA"
211298,9.67405046575683,0.002,"OF",0.0193481009315137,"Daniel Cornejo","AAA"
187879,9.59106998863049,0.002,"2B",0.019182139977261,"Tyler Brown","AAA"
124894,4.74109861879804,0.004,"2B",0.0189643944751922,"Tyler Bortnick","AAA"
211382,9.42516172360294,0.002,"OF",0.0188503234472059,"Josh Vargas","AAA"
172419,3.04035182634023,0.006,"IF",0.0182421109580414,"Kevin Flores","AAA"
190145,8.91823040705895,0.002,"SS",0.0178364608141179,"Gabriel Ovalle","AAA"
157919,4.41794547179797,0.004,"C",0.0176717818871919,"Ronnie Freeman","AAA"
142762,4.37812758958747,0.004,"C",0.0175125103583499,"Adrian Nieto","AAA"
183063,8.58483757266899,0.002,"OF",0.017169675145338,"Roberto Caro","AAA"
182823,8.51184003346748,0.002,"1B",0.017023680066935,"Deiferson Barreto","AAA"
181479,8.45402851472502,0.002,"OF",0.01690805702945,"Elvis Rubio","AAA"
159345,7.9952363800413,0.002,"1B",0.0159904727600826,"Joe Sever","AAA"
171658,7.80092401187567,0.002,"C",0.0156018480237513,"Miguel Del Castillo","AAA"
165299,7.69378841012165,0.002,"C",0.0153875768202433,"Garrett Boulware","AAA"
172682,3.53313407600486,0.004,"C",0.0141325363040194,"Hans Wilson","AAA"
198091,6.90274315500303,0.002,"OF-C",0.0138054863100061,"Manuel Cruz","AAA"
172437,6.81961040335942,0.002,"1B-C",0.0136392208067188,"Carlos Garzon","AAA"
147984,6.74414913347332,0.002,"SS",0.0134882982669466,"Stephen Perez","AAA"
192564,6.34125736743133,0.002,"3B",0.0126825147348627,"Kristian Delgado","AAA"
198133,6.30154407571472,0.002,"IF",0.0126030881514294,"Brandon Villarreal","AAA"
172591,3.11948756807027,0.004,"2B",0.0124779502722811,"Alejandro Rivero","AAA"
163013,2.93851137372876,0.004,"P-OF",0.011754045494915,"Joey Denato","AAA"
172516,5.83328286897006,0.002,"1B",0.0116665657379401,"Ismael Martinez","AAA"
172582,4.56147304763318,0.002,"C",0.00912294609526637,"Omar Renteria","AAA"
192568,4.16441999847761,0.002,"OF",0.00832883999695523,"Javier Ferreiro","AAA"
172625,4.13736741612613,0.002,"C",0.00827473483225226,"Eduardo Santos","AAA"
172444,3.61710036088379,0.002,"SS",0.00723420072176758,"Carlos Eduardo Gonzalez","AAA"
172497,3.26812977473635,0.002,"OF",0.0065362595494727,"Jose Bernardo Lopez","AAA"
172561,3.23035308998632,0.002,"OF",0.00646070617997263,"Carlos Penuelas","AAA"
141579,13.1199276035119,0,"SS-2B",0,"Anthony Phillips","AAA"
151262,8.0997404920431,0,"2B",0,"Levi Hyams","AAA"
156424,11.3230792055672,0,"C",0,"Daniel Torres","AAA"
156627,15.4159289356292,0,"2B",0,"Trace Tam Sing","AAA"
165109,12.3041087013238,0,"SS",0,"Vimael Machin","AAA"
169192,8.38194664565456,0,"OF",0,"Justin Maffei","AAA"
172384,4.95610166178055,0,"C",0,"Marco Chicuate","AAA"
172442,10.983510752343,0,"OF",0,"Gabriel Gomez Topete","AAA"
172527,10.2868421865311,0,"C",0,"Eduardo Mendivil","AAA"
172566,5.33941980453403,0,"C",0,"Isidro Pina","AAA"
172671,5.08538963430217,0,"SS",0,"Mario Vega","AAA"
174016,2.94921684253446,0,"P-IF",0,"Jake Winston","AAA"
181679,9.50240244303557,0,"C",0,"Robbie Perkins","AAA"
182605,6.92526677682616,0,"SS",0,"Gilberto Carrera","AAA"
182628,13.5424459269736,0,"C",0,"Abraham Gonzalez","AAA"
182632,10.3719835457314,0,"SS",0,"Miguel Guzman","AAA"
182672,4.8192899747107,0,"C",0,"Daniel Sanchez","AAA"
183848,13.2910319279162,0,"2B",0,"Brallan Perez","AAA"
183848,13.2910319279162,0,"2B",0,"Brallan Perez","AAA"
184149,10.7633099389522,0,"2B",0,"Carlos Diaz","AAA"
185806,13.3510275031263,0,"C",0,"Jordan Devencenzi","AAA"
192585,4.40370271663724,0,"SS",0,"Luis Medina","AAA"
192592,13.7532302673005,0,"OF",0,"Manuel Orduno","AAA"
198086,6.71777897195123,0,"3B",0,"Jasson Atondo","AAA"
198119,4.34115949169989,0,"C-1B",0,"Eduardo Revilla","AAA"
198602,11.6806349224425,0,"OF",0,"Brayan Hernandez","AAA"
198602,11.6806349224425,0,"OF",0,"Brayan Hernandez","AAA"
204346,12.2371828787508,0,"OF",0,"Walter Higuera","AAA"
209289,12.5601077499253,0,"C",0,"Ramon Villa","AAA"
209289,12.5601077499253,0,"C",0,"Ramon Villa","AAA"
209536,12.7996910050048,0,"3B",0,"Alvaro Gonzalez","AAA"
211281,13.800030405936,0,"OF",0,"Wilbert Aguilar","AAA"
211286,14.8627901100901,0,"2B",0,"Pedro Arenas","AAA"
211293,12.3396463361822,0,"2B",0,"Jesus Caporal","AAA"
211296,13.423620604494,0,"IF",0,"Pedro Chavarria","AAA"
211309,14.5608053718213,0,"2B",0,"Cesar Guerra","AAA"
211310,12.2571311537364,0,"C",0,"Cesar Hernandez","AAA"
211316,12.6053085369498,0,"2B",0,"Marco Jaime","AAA"
211319,11.3893886689801,0,"C",0,"Juan Kirk","AAA"
211320,11.9081383179035,0,"OF",0,"Nestor Linares","AAA"
211331,14.3722521540211,0,"C",0,"Abraham Lopez","AAA"
211333,9.38066114867832,0,"C",0,"Carlos Lopez","AAA"
211341,14.6936426328249,0,"2B",0,"Javier Mireles","AAA"
211351,14.8795410234375,0,"SS",0,"Adrian Nicoli","AAA"
211352,11.1705819155689,0,"SS",0,"Ciro Norzagaray","AAA"
211368,14.5192408570272,0,"OF",0,"Edgar Robles","AAA"
211370,9.30671959371962,0,"SS",0,"Jonathan Salazar","AAA"
